lpa_name,uprn,decision_date,id,postcode,description,last_updated,lpa_app_no,url_planning_app,application_details_site_area,is_full_planning,geometry_point,geometry,action,notes,enterprise,current_occupier,website,address,completed,data_centre_since,preapp_started,b8_no_storeys,b8_max_height_m,b8_gia_sqm,other_use_classes_present_within_b8_building,b8_total_staff_fte,security_staff,site_engineers_staff,managers_staff,cleaners_staff,visitor_staff_not_on_site,cluster_staff_not_on_site,b8_employees_at_a_day
Barking & Dagenham,100101450,12/9/2018,Barking_&_Dagenham-18_00161_FUL,RM10 7XS,"Erection of two data centre buildings (Use Class B8), with ancillary plant, offices, gatehouse, electrical sub-stations, fuel storage, car parking, site fencing, landscaping and other associated works.",2025-03-20T18:57:14.569+00:00,18/00161/FUL,https://online-befirst.lbbd.gov.uk/planning/index.html?fa=getApplication&id=15772,7.54,True,POINT (-7.55716 49.766807),"POLYGON ((550745 185653.291, 550760.214 185448.365, 550779.396 185449.026, 550847.408 185454.318, 550878.496 185460.932, 550905.616 185460.932, 550943.981 185464.24, 550985.653 185467.547, 551037.908 185468.208, 551064.366 185474.162, 551077.596 185418.599, 551088.179 185392.141, 551113.314 185307.474, 551117.283 185305.489, 551121.252 185291.599, 551025.684 185262.494, 550987.981 185253.234, 550950.939 185240.666, 550880.163 185218.177, 550843.783 185322.687, 550821.955 185314.75, 550780.944 185304.166, 550747.871 185290.937, 550746.548 185283.661, 550737.949 185284.323, 550731.335 185292.26, 550681.064 185277.708, 550679.741 185269.771, 550675.772 185269.771, 550670.48 185275.062, 550642.038 185265.14, 550636.746 185260.51, 550636.746 185253.234, 550628.147 185251.911, 550621.532 185258.526, 550585.814 185248.604, 550573.907 185253.895, 550567.954 185266.463, 550560.678 185291.599, 550549.433 185296.89, 550540.834 185294.906, 550540.834 185304.828, 550569.753 185313.427, 550573.061 185301.521, 550568.43 185294.245, 550575.045 185272.416, 550584.967 185260.51, 550598.858 185261.172, 550717.92 185295.567, 550754.962 185305.489, 550755.624 185302.843, 550842.275 185329.963, 550817.801 185386.187, 550771.499 185374.943, 550743.016 185366.714, 550705.974 185461.964, 550742.355 185462.13, 550735.079 185651.307, 550745 185653.291))",keep,"Construction of 2 No. Data Centres (9,263 and 14,490 square metres GEA)",True,NTT Data Centre,https://services.global.ntt/en-us/services-and-products/global-data-centers/global-locations/emea/london-1-data-center,"London East Business And Technical Park Yewtree Avenue, Dagenham, Barking And Dagenham, RM10 7XS",Completed,2025-01-01,2017-01-01,3.0,17300.0,52797.3,,110.0,14.0,66.0,30.0,,40.0,,62.0
Bexley,010011862607,2/10/2023,Bexley-23_00960_FUL,DA8 1EW,"Installation of 8 new dry coolers, a generator, transformer, plant container and associated works and pond to the existing data centre.",2025-03-19T22:26:55.098+00:00,23/00960/FUL,https://pa.bexley.gov.uk/online-applications/simpleSearchResults.do?action=firstPage,0.03,True,POINT (0.166692 51.4915),"POLYGON ((550516.5796457751 179177.44355697546, 550516.5992052883 179174.4392094122, 550513.5448371256 179174.34882222553, 550513.5946969208 179177.35522412893, 550516.5796457751 179177.44355697546))",keep,"Built earlier in 2017, see 16/03066/FUL",True,OVH,,"Unit 8, Viking Way, Erith, Kent, DA8 1EW",Completed,2017-01-01,,2.0,7.0,4104.0,,17.0,,,,,,,
Brent,,1/3/2024,Brent-22_4185,NW2,"Full planning application for the proposed development to extend the existing data centre on land to the north of the North Circular Road, incorporating 717 to 721 North Circular Road, including additional land to the rear, subject to Deed of Agreement dated 29th February 2024 under Section 106 of Town and Country Planning Act, 1990, as amended.",,22/4185,https://pa.brent.gov.uk/online-applications/applicationDetails.do?keyVal=DCAPR_162990&activeTab=summary,1.85,,POINT (522220 187250),,add,In 2026 to be extended to 53570 GIA sqm - in construction,True,,,"JVC Business Park & JVC House, Priestley Way and 717, 719 & 721 North Circular Road, Neasden, London, NW2",In construction,,,5.0,43.33,53570.0,,133.0,,,,,,,133.0
Bromley,010003628052,3/4/2020,Bromley-19_04182_FULL1,BR5 2UB,Alterations and additions to existing building including replacement roof and wall cladding to facilitate a data/records processing/management centre (Mixed Use Class B1/B2/B8) - similar development as approved for replacement building under DC/18/03419/FULL1,2025-03-21T01:29:34.314+00:00,19/04182/FULL1,https://planningaccess.bromley.gov.uk/pr/s/detail/a0lTv0000023JWXIA2?c__r=Arcus_BE_Public_Register,0.149,True,POINT (0.1077681 51.3927088),"POLYGON ((546740.4 168042.85, 546736.5 168041.45, 546732.4 168053.65, 546730.9 168058.05, 546727.4 168068.6, 546727.3 168068.9, 546727.15 168069.35, 546725.2 168071.2, 546723.82 168072.5, 546720.85 168075.3, 546722.7 168087.55, 546723.65 168093.6, 546724.55 168099.85, 546733.026 168098.092, 546733.95 168097.9, 546739.1 168096.8, 546747.95 168095, 546755.15 168073.1, 546758.1 168064.35, 546759.357 168060.509, 546759.9 168058.85, 546762.7 168050.7, 546758.55 168049.3, 546744.15 168044.2, 546740.4 168042.85))",keep,"The facility operates on the building, but the redevelopment has not been implemented",True,Dajon Data Management Ltd,https://www.dajon.co.uk/,"Stanbridge Limited, Cray Valley Road, Orpington, BR5 2UB",Completed,2019-01-01,,2.0,7.8,925.9,,20.0,,,,,,,
Camden,5083689,7/2/2024,Camden-2022_3535_P,WC1E 7HB,"Temporary change of use for a period of up to 10 years for flexible office E(g)(i) and education F1(a) (excluding retail and other commercial units on Tottenham Court Road frontage, the data centre at basement and part ground floor levels and the UKPN substation).",2025-11-10T10:18:05.515Z,2022/3535/P,https://planningrecords.camden.gov.uk/NECSWS/PlanningExplorer/Generic/StdDetails.aspx?PT=Planning%20Applications%20On-Line&TYPE=PL/PlanningPK.xml&PARAM0=602080&XSLT=/NECSWS/PlanningExplorer/SiteFiles/Skins/camden/xslt/PL/PLDetails.xslt&FT=Planning%20Application%20Details&PUBLIC=Y&XMLSIDE=/NECSWS/PlanningExplorer/SiteFiles/Skins/camden/Menus/PL.xml&DAURI=PLANNING,0.17,True,POINT (-0.134839 51.521971),"POLYGON ((529482.1000136 181944.7503304, 529547.4500136 181987.0003304, 529517.5620136 182031.7303305, 529484.8167972 182002.293106, 529478.5745004 182009.7970978, 529475.6500136 182008.3003304, 529469.3990135 182004.6013304, 529451.3010135 181993.8543304, 529482.1000136 181944.7503304))",keep,"UCL’s data centre at sub-basement level which supports various UCL
departments in the vicinity, since 2018, see 2014/7526/P",True,UCL,,1-19 Torrington Place London WC1E 7HB ,Completed,2018-01-01,,3.0,,3198.0,"B1a, D1",5.0,,,,,,,
City of London,,18/10/2023,City_of_London-23_00852_FULL,,,,23/00852/FULL,https://www.planning2.cityoflondon.gov.uk/online-applications/applicationDetails.do?activeTab=summary&keyVal=RYT6I5FHLDA00,0.027,,POINT (532564 181489),,add,,True,Standard Chartered Bank,,1 Basinghall Avenue London EC2V 5DD,,1988-01-01,,1.0,3.0,0.027,,,,,,,,,
Croydon,010014056602,12/4/2019,Croydon-19_00539_FUL,CR0 4RR,"Erection of an outbuilding to provide an external electrical switchroom for the existing data centre, installation of plant access doors, landing platform, and replacement extraction units, associated alterations",2025-05-09T14:46:02.960Z,19/00539/FUL,https://publicaccess3.croydon.gov.uk/online-applications/simpleSearchResults.do?action=firstPage,0.422,True,POINT (-0.119084 51.353485),"POLYGON ((531095.27 163246.698, 531050.82 163237.768, 531037.127 163307.42, 531098.841 163318.929, 531104.199 163296.307, 531108.168 163275.074, 531108.168 163269.717, 531104.993 163262.97, 531097.651 163259.596, 531097.651 163258.009, 531092.491 163256.818, 531095.27 163246.698))",keep,low-latency,True,Pulsant,https://www.pulsant.com/colocation-south-london-datacentre,"Unit 1, 35 Imperial Way, Croydon, CR0 4RR",Completed,2016-01-01,,2.0,7.0,3282.0,,,,,,,,,
Ealing,,23/8/2022,Ealing-222865OPDFUL,NW10 7PH,"Construction of a security gatehouse, fencing and a lighting column and associated works.",,222865OPDFUL,https://pam.ealing.gov.uk/online-applications/applicationDetails.do?previousCaseType=Property&keyVal=REAICCJM0KW00&previousCaseNumber=NOJT3200DT01X&previousCaseUprn=000012153209&activeTab=summary&previousKeyVal=NOJT3200DT01Y,,,POINT (519565 182512),,add,"Parent application missing, unable to retrieve data. Keep for location",True,Equinix Data Centre,"https://www.equinix.com/data-centers/europe-colocation/united-kingdom-colocation/london-data-centers/ld3, https://www.colo-x.com/data-centre/equinix-ld3-park-royal/","Unit 11 Matrix, Coronation Road
London, United Kingdom, NW10 7PH",Completed,2000-01-01,,1.0,5.0,3899.64,,,,,,,,,
Ealing,000012141030,26/1/2023,Ealing-224110OPDFUL,NW10 6PW,"Provision of external tanks and pump rooms, new external pipe runs and new louvres to existing windows to east elevation; all works ancillary to operation of existing Data Centre (Retrospective Application)",2025-03-20T15:13:46.994+00:00,224110OPDFUL,https://pam.ealing.gov.uk/online-applications/PLAN/224110OPDFUL;,3.377,True,POINT (-0.257423 51.5315108),"MULTIPOLYGON (((520950.9980281 182790.7559456, 520941.4832276 182788.8964779, 520935.6209892 182818.9278815, 520959.3832553 182823.5665537, 520983.1372763 182828.1952287, 520999.9984263 182831.4942844, 521001.993731 182831.8841728, 521006.8995424 182832.8438981, 521011.4920414 182809.280643, 521012.102176 182806.1415415, 521012.7535358 182802.8024973, 521003.477842 182800.9830181, 520999.9984263 182800.3032127, 520988.9995148 182798.153828, 520988.9088191 182798.1338337, 520979.6661056 182796.344346, 520976.8215595 182795.7845062, 520973.7214165 182795.1846779, 520972.971116 182795.0347208, 520965.3691696 182793.5551444, 520965.2372487 182793.5251529, 520956.9839425 182791.9156137, 520953.8508193 182791.3057882, 520950.9980281 182790.7559456)), ((520962.2937618 182949.3105598, 520962.4998884 182946.7812838, 520964.1406555 182946.9312409, 520964.2231061 182945.9815128, 520924.531382 182942.382543, 520930.2781896 182881.040102, 520968.7991151 182884.649069, 520970.5718032 182865.7344832, 520993.4600928 182867.9538479, 520992.2068435 182884.7590375, 521000.5838256 182885.3388715, 521002.5626403 182874.4519879, 521003.3211859 182870.2531898, 521004.0302611 182869.7033472, 521005.5803326 182868.5036906, 521006.0915264 182865.5345405, 521011.2034643 182835.8530367, 521010.3212428 182835.6730882, 521009.2493848 182835.4531512, 521008.4743491 182835.293197, 521002.6368458 182834.0935404, 521002.5791304 182834.0835432, 520999.9984263 182833.6036806, 520999.5284578 182833.5237035, 520999.4460072 182833.5037092, 520987.5978544 182831.2243617, 520987.7874908 182830.1846593, 520984.2338694 182829.4948567, 520982.9393948 182829.2349311, 520979.4187538 182828.5451286, 520974.9581757 182827.6753775, 520967.3727195 182826.1958011, 520935.4231077 182819.9675839, 520934.1533683 182819.7176554, 520934.3512498 182818.6879502, 520940.2052432 182788.6465494, 520937.1051002 182788.0467211, 520935.8023805 182800.2032414, 520935.2004911 182806.4514528, 520933.5184986 182824.2663534, 520933.1969412 182827.6953718, 520930.5008062 182858.3965837, 520928.7528533 182877.8010292, 520928.4972564 182880.4002852, 520926.0484732 182907.6024986, 520924.2510499 182928.1466179, 520922.6597531 182943.1623197, 520928.9919601 182943.7321566, 520932.3724351 182944.0420679, 520948.8790474 182945.5416387, 520954.5434044 182946.0614899, 520954.3207878 182948.6407516, 520957.3137449 182948.89068, 520960.0511052 182949.1206142, 520962.2937618 182949.3105598)))",keep,"Includes all units 9-12, although the application only covers 9-11",True,Colt Data Centre Services,https://www.coltdatacentres.net/en-GB/our-locations/data-centre-locations-europe/london-west,Units 9-12 Powergate Business Park Volt Avenue Park Royal London NW10 6PW,Completed,2018-01-01,,2.0,10.8,9553.0,,35.0,,,,,,,
Ealing,000012160167,19/12/2025,Ealing-250949FUL,UB2 5LF,"Site clearance and preparation, including demolition of all existing buildings on site and redevelopment of the site to provide: Construction of four data centre units within three buildings of approximately 67.9m AOD in height (Use Class B8, approximately 158,702sqm GEA), four industrial buildings ranging from approximately 41.3m to 46.2m AOD in height (Use Classes B8, B2 and E(g)(iii), approximately 23,389 GEA), central pavilion building of approximately 35m AOD in height (Use Class E(b), approximately 223 GEA), two substations (38.05m AOD in height), associated plant, enclosures and necessary physical security systems, internal roads, servicing, circulation, car and cycle parking and hard and soft landscaping works.  This application is accompanied by an Environmental Statement for the purposes of Environmental Impact Assessment under The Town and Country Planning (Environmental Impact Assessment) Regulations 2017 (as amended).",2025-07-08T01:06:29.652Z,250949FUL,https://pam.ealing.gov.uk/online-applications/simpleSearchResults.do?action=firstPage,13.03,True,POINT (-0.4034749 51.5001823),"POLYGON ((510873.1 179111.08, 510870.4 179106.7, 510879.75 179100.95, 510882.071 179104.765, 510884.8 179109.25, 510896.45 179102.1, 510897.304 179101.58, 510901.05 179099.3, 510901.65 179098.9, 510906.7 179107.1, 510915.492 179101.664, 510919.709 179099.056, 510932.9 179090.9, 510934.41 179093.35, 510955.85 179128.15, 510903.5 179160.4, 510873.1 179111.08))",keep,,True,Global Technical Realty,https://globaltechnicalrealty.com/gtr-announces-gb-two-a-256mw-london-campus/,"International Trading Estate, Trident Way, Southall, UB2 5LF",In construction,,,4.0,37.4,157729.0,"E(b), B2",1120.0,88.0,60.0,32.0,16.0,94.0,,
Ealing,000012141021,27/3/2015,Ealing-PP_2015_0516,NW10 6PW,Construction of 280sqm extension to existing building for use as additional data space linked to the existing building by a high level service bridge (involving the removal of 12 car parking spaces and the relocation of the existing waste compound to the eastern site boundary),2025-03-20T15:41:22.454+00:00,PP/2015/0516,https://pam.ealing.gov.uk/online-applications/PLAN/PP/2015/0516;,,True,POINT (-0.2559 51.530092),POINT (-0.2559 51.530092),keep,"The application responds to the Equinix Data campus, but all applications for these buildings are missing documents. Keep for the location",True,Equinix Data Centre,https://www.equinix.com/data-centers/europe-colocation/united-kingdom-colocation/london-data-centers/ld9,Unit 1 Powergate Business Park Volt Avenue Park Royal NW10 6PW,Completed,2007-01-01,,2.0,10.0,,,,,,,,,,
Ealing,12128080,19/4/2004,Ealing-P_2004_0759,UB5 6AG,"Change of use from industrial/warehouse (B2/B8) to data storage (sui generis), installation of palnt and enclosure in existing service parking yard, alterations to access, and landscaping",2025-08-14T12:20:04.018+01:00,P/2004/0759,https://pam.ealing.gov.uk/online-applications/simpleSearchResults.do?action=firstPage,0.34,True,POINT (-0.36443 51.544623),"POLYGON ((513514.9984744106 184127.38847360108, 513514.9962238689 184124.38433189085, 513512.01468904887 184124.31770175177, 513512.0169413164 184127.3218434924, 513514.9984744106 184127.38847360108))",keep,See also 194638FUL,True,Kao Data,https://kaodata.com/locations/northolt,Barclays Data Centre Rowdell Road Northolt UB5 6AG,Completed,2005-01-01,,2.0,7.0,7150.0,,,,,,,,,
Ealing,12175306,13/1/2009,Ealing-P_2008_3284,W5 2RJ,"Erection of part 5, 6 and 9 storey building with mezzanine floor and basement to form 165 bed hotel with ancillary restaurant/bar and 3434 square metres of B1(a) data centre/office accommodation; alteration to western vehicular access and closure of eastern vehicular access; provision of 39 car parking spaces (including 14 disabled spaces); cycle parking, loading bay and associated landscaping",2025-03-19T02:58:45.784+00:00,P/2008/3284,https://pam.ealing.gov.uk/online-applications/PLAN/P/2008/3284;,0.3410000000000001,True,POINT (-0.3098028 51.512826),"POLYGON ((517365.26315 180641.000005, 517342.3684 180714.15789, 517341.05265 180730.473665, 517353.94735 180731.7894625, 517353.42105 180747.8420875, 517367.10525 180751.52633, 517398.94735 180649.4210425, 517365.26315 180641.000005))",keep,Unclear site history. Data centre size and employment not stated. 191968FUL and 190110NMA - subsequent applications for this site - do not give more detail. Part of site was reclassified into recording studios. Keep only for location,True,,,22 -24 Uxbridge Road,,,,,,,,,,,,,,,
Ealing,,10/8/2011,Ealing-P_2011_2000,UB6 7RL,"Construction of building to be used as data centre (Use Class Sui-Generis)  with ancillary car parking, substation and switch building, refuse storage, landscaping works and plant area (following demolition of existing buildings)",2025-08-14T13:12:13.259+01:00,P/2011/2000,https://pam.ealing.gov.uk/online-applications/applicationDetails.do?activeTab=summary&keyVal=ZZZW6CJMTA415,0.774,True,POINT (-0.3211447 51.5378978),"MULTIPOLYGON (((516562.2344546 183435.7413205, 516562.5725021 183450.1771883, 516517.5297333 183452.8664185, 516557.699671 183450.8969822, 516562.9517749 183450.6470538, 516562.2344546 183435.7413205)), ((516509.391858 183453.266304, 516506.7946638 183415.8170237, 516508.7982136 183453.2962954, 516509.391858 183453.266304)), ((516505.6321102 183398.9618485, 516503.2657776 183399.0818141, 516504.8488294 183399.001837, 516505.6321102 183398.9618485)))",keep,,True,,,Units 1 & 2 Perivale Industrial Park Horsenden Lane South Perivale Middlesex UB6 7RL Greenford,Not built,,,2.0,8.0,2775.0,,,,,,,,,
Ealing,000012130533,25/7/2012,Ealing-P_2011_3529,W3 0TA,"Hybrid Planning Permission for the Demolition of the existing buildings on the site and full planning permission for the development of a part one/part seven storey building to create a 158 bedroom hotel (C1 use class) with a total Gross Internal Area (GIA) of 6850 square metres on the western part of the site fronting onto the A40 Western Avenue and Masons Green Lane, with associated parking, public realm improvements and landscaping. Redevelopment of remainder of the site (0.4 hectares) to provide employment uses, comprising of an indicative office (B1 use class) and associated landscaping, public realm improvements, car and cycle parking, with an approximate GIA of 1870 square metres and an indicative Data Entry Centre (B8 use) and associated landscaping, car and cycle parking with an approximate GIA of 4980 square metres located towards the rear of the site (Outline Planning Permission - Access being sought with Layout, Scale, Appearance and landscaping matters to be reserved).
",2025-03-20T15:54:47.480+00:00,P/2011/3529,https://pam.ealing.gov.uk/online-applications/PLAN/P/2011/3529;,1.453,True,POINT (-0.2825037 51.5274652),"POLYGON ((519181.10525 182413.2631475, 519157.42105 182322.73684, 519193.73685 182304.31577, 519239.5263 182289.0526425, 519322.6842 182282.7368525, 519297.42105 182380.6315975, 519181.10525 182413.2631475))",keep,Data centre was an outline component of the application. There us an existing data centre north of the site - no information regarding it,True,,,,Not built,,,,,5000.0,,,,,,,,,
Enfield,,23/9/2015,Enfield-15_03516_FUL,EN2 8JL,"Erection of a detached single storey modular data centre adjacent to the existing multi storey car park, with external wall mounted air conditioning units to north east elevation.",,15/03516/FUL,https://planningandbuildingcontrol.enfield.gov.uk/online-applications/applicationDetails.do?activeTab=summary&keyVal=NS6ZH5JN28000,0.154,,POINT (531297 198151),,add,,True,NHS,,Chase Farm Hospital The Ridgeway EN2 8JL,Completed,2015-01-01,,1.0,4.4,24.0,,,,,,,,,
Enfield,,1/2/2019,Enfield-18_04024_FUL,N9 0BD,"Installation of plant and machinery involving external gantry, standby generators , switch room, substation, roof louvers gantry together with external alterations to include replacement cladding and installation of additional windows and doors.",,18/04024/FUL,https://planningandbuildingcontrol.enfield.gov.uk/online-applications/applicationDetails.do?activeTab=summary&keyVal=PGQYBRJNMDH00,1.98,,POINT (535732 193000),,keep,,True,ARC Data Centres,https://www.ark-d-c.com/locations/meridian-park,"Meridian Park, 10 Ardra Road, London, N9 0BD",Completed,2020-01-01,,2.0,,,,,,,,,,,
Enfield,,15/1/2009,Enfield-LDC_08_0514,EN1 1TX,Use of premises as data storage unit.,,LDC/08/0514,https://planningandbuildingcontrol.enfield.gov.uk/online-applications/applicationDetails.do?activeTab=summary&keyVal=ZZZZJGJNXE276,1.2874,,POINT (534632 196562),,add,,True,Virtus,https://virtusdatacentres.com/locations/uk/london/enfield-campus,"Virtus 1, Unit 3, 13, Crown Road, Enfield, EN1 1TX",Completed,2010-01-01,,2.0,13.0,2900.0,,45.0,,,,,,,15.0
Enfield,,15/2/2012,Enfield-TP_11_1373,EN4 9JQ,"Refurbishment of ground, first and second floors to make provision for data racking and servicing accommodation, renovation of external elevations including replacement fenestration, installation of external screen panelling, extension to rear of building and 3 x plant enclosure to the south and east, erection of extension to provide new entrance lobby and installation of refuse storage to north elevation, extension to northern staircase on west elevation up to roof height, mezzanine deck for plant including louvered screen to existing parking area and installation of plant to roof including louvered screen, erection of external palisade security fencing and gates to perimeter of site.",,TP/11/1373,https://planningandbuildingcontrol.enfield.gov.uk/online-applications/applicationDetails.do?previousCaseType=Property&keyVal=ZZZZLAJNXE553&previousCaseNumber=MRU7OI00DT01V&previousCaseUprn=000207134455&activeTab=summary&previousKeyVal=MRU7OI00DT01X,0.022,,POINT (528062 196362),,add,,True,Sovereign Business Integration plc,https://sovereign-plc.co.uk/data-centre,"Metropoint 1A, Chalk Lane, Barnet, EN4 9JQ",Completed,2000-01-01,,5.0,18.0,2850.0,,45.0,,,,,,,
Hackney,,26/8/2015,Hackney-2015_2375,EC2A 4HB,Existing use of the premises as a data centre.,,2015/2375,https://developmentandhousing.hackney.gov.uk/planning/index.html?fa=getApplication&id=5136,,,POINT (533098 182198),,add,,True,Redcentric,https://redcentricdatacentres.co.uk/data-centres/london-city-data-centre/,"80 Clifton Street, Hackney, London, EC2A 4HB",Completed,1993-01-01,,,,2400.0,,,,,,,,,
Havering,,29/2/2012,Havering-P0151_12,RM7 7PN,"Amendments to planning permission P1290.07 (as previously amended by P1462.09, P0456.11 and N0021.11) for new equipment to data storage centre, roof openings, generator flues, altered door locations, new access hatch, louvres and new facade and roof modifications",,P0151.12,https://development.havering.gov.uk/OcellaWeb/planningDetails?reference=P0151.12,3.56,,,,add,Planning permission was originally approved under reference P1290.07. Data in row is gathered from various references relevant to this site,True,Green Mountain,https://greenmountain.no/data-center/lon-east/,"3 King George Close, Romford London RM7 7PN",Completed,2007-01-01,,2.0,13.5,35600.0,,,5.0,8.0,4.0,1.0,0.0,0.0,60.0
Havering,10091577711,14/1/2021,Havering-P0614.20,RM7 7PN,New data storage development consisting of new data storage warehouse and new emergency  energy centre building P1137.11 (Condition 4),2025-03-18T23:59:34.796+00:00,P0614.20,http://development.havering.gov.uk/OcellaWeb/planningDetails?reference=P0614.20,1.598,True,POINT (0.1693495 51.585996),"POLYGON ((550439.207 189785.6, 550480.389 189730.871, 550407.779 189660.97, 550424.035 189650.675, 550426.203 189647.424, 550366.597 189593.237, 550290.736 189671.266, 550439.207 189785.6))",keep,,True,Green Mountain,https://greenmountain.no/data-center/lon-east/,5 King George Close Romford RM7 7PN,Not built,,,2.0,13.0,10628.0,B1,,6.0,,6.0,,0.0,0.0,40.0
Hillingdon,,28/6/2018,Hillingdon-1331_APP_2017_1883,UB3 4QG,"Part demolition of existing factory buildings and associated structures, and redevelopment to provide 1,386 dwellings (Use Class C3). office, retail, community and leisure uses (Use Class A1/A3/A4/B1/B8/D1/D2), 22,663sq.m (GEA) of commercial floorspace (Use Classes B1c/B2/B8 and Data Centre (sui generis)), amenity and playspace, landscaping, allotments, access, service yards, associated car parking and other engineering works.",2025-08-14T13:27:32.360+01:00,1331/APP/2017/1883,,12.299,True,POINT (-0.414354 51.5009773),"POLYGON ((509910.561769 179373.9410251, 509911.6201044 179378.7035346, 509971.4160573 179376.5868637, 510069.3120865 179375.5285282, 510108.2059142 179374.9993605, 510111.6455045 179366.268093, 510153.4497547 179336.8992843, 510191.8144148 179314.409656, 510346.8605582 179209.6344464, 510340.7751294 179190.0552406, 510321.7250913 179156.4530901, 510314.3167431 179124.1738588, 510292.8854503 179039.242439, 510282.5666796 178996.909021, 510280.1854249 178974.1548088, 510264.574977 178978.3881506, 510217.7436333 178988.1777535, 510163.7685254 179006.1694562, 510072.2225089 179055.6466385, 510010.8390528 179090.0425406, 509970.093138 179111.7384173, 509919.5576203 179139.5197229, 509896.8034081 179151.9551644, 509844.4158033 179180.2656377, 509932.2576457 179341.39721, 509931.728478 179341.39721, 509927.75972 179344.5722163, 509917.4409494 179352.7743161, 509903.6825885 179363.0930867, 509910.561769 179373.9410251))",keep,Limited information,True,,,,In construction,,,4.0,,22663.0,,,,,,,,,
Hillingdon,,20/12/2022,Hillingdon-18399_APP_2022_411,UB7 9FN,"Installation of plant and equipment to unit DC6 including external plant equipment, external louvres and associated security fencing and landscaping, to facilitate use of the building as a data centre.",2025-03-20T11:13:19.552+00:00,18399/APP/2022/411,http://planning.hillingdon.gov.uk/OcellaWeb/planningDetails?reference=18399/APP/2022/411,1.9,True,POINT (-0.444397 51.504877),"MULTIPOLYGON (((508026.8775 179676.7385, 508130.6788 179652.9369, 508123.1198 179497.8136, 508025.2238 179512.035, 508028.5311 179525.9257, 507983.5519 179535.5168, 508001.742 179625.4754, 508007.3644 179624.4832, 508009.3488 179638.7045, 508014.3097 179644.6577, 508019.9321 179643.6655, 508023.2394 179657.5561, 508027.8697 179658.2176, 508026.8775 179676.7385)), ((508130.6788 179652.9369, 508130.7266 179653.9181, 508130.7266 179652.9259, 508130.6788 179652.9369)))",keep,,True,Virtus,https://virtusdatacentres.com/locations/uk/london/stockley-park-campus,"UNIT D PROLOGIS PARK, STOCKLEY ROAD, WEST DRAYTON, UB7 9FN",Completed,2002-01-01,,2.0,12.5,36000.0,,,,,,,,,20.0
Hillingdon,,26/4/2022,Hillingdon-38421_APP_2021_4045,UB4 0SL,"Redevelopment of the site to deliver data centre campus including: two data centre buildings (Use Class B8); associated energy and electricity infrastructure, buildings, and plant; security gatehouse, systems and enclosures; works to the highway, car parking and cycle parking; hard and soft landscaping; as well as associated infrastructure, ancillary office use, and associated external works.",2025-03-20T11:13:18.930+00:00,38421/APP/2021/4045,http://planning.hillingdon.gov.uk/OcellaWeb/planningDetails?reference=38421/APP/2021/4045,2.12,True,POINT (-0.394677 51.509647),"POLYGON ((511446.4153 180289.803, 511519.8373 180269.2977, 511512.5613 180235.5633, 511609.1344 180210.4278, 511603.1812 180189.2611, 511603.1812 180169.4173, 511597.8896 180142.2975, 511583.9989 180125.761, 511455.6757 180120.4693, 511449.7226 180138.3287, 511407.3892 180137.0058, 511446.4153 180289.803))",keep,confusion regarding n of jobs,True,Colt Data Centre Services,https://londoncolocation.com/listing/optimum-data-centres/,LAND AT TUDOR WORKS BEACONSFIELD ROAD HAYES UB4 0SL,Completed,2001-01-01,,5.0,38.42,37547.0,,100.0,,,,,,,100.0
Hillingdon,,,Hillingdon-49261_APP_2024_2904,UB3 3BL,"Demolition of the existing building and structures on site, and all other associated site clearance works. Construction of a data centre building (Class B8) with plant at roof level with an emergency generator (1no.) and associated flue (provided within an external compound adjoining the data centre building), sprinkler tank and pumphouse, security guard house, and provision of one kiosk substation and MV Building. The development also comprises the construction of a new access and internal road and circulation areas, footpaths, provision of car and bicycle parking, hard and soft landscaping and other associated works and ancillary site infrastructure.",2025-12-28T22:59:11.582Z,49261/APP/2024/2904,http://planning.hillingdon.gov.uk/OcellaWeb/planningDetails?reference=49261/APP/2024/2904,0.44,True,POINT (-0.4125 51.503487),"POLYGON ((510285.8 179426.35, 510300.649 179428.676, 510309.455 179430.056, 510309.843 179430.131, 510309.619 179432.684, 510318.25 179433.9, 510329.65 179435.35, 510335.6 179436.15, 510341.2 179436.85, 510320.854 179435.565, 510320.354 179435.533, 510309.55 179434.85, 510309.426 179438.779, 510309.206 179445.79, 510307.721 179492.963, 510307.5 179500, 510307.41 179505.43, 510304.89 179505.32, 510300.49 179505.13, 510300.35 179505.12, 510298.41 179505.01, 510298.178 179509.931, 510290.844 179510.112, 510291.03 179504.58, 510289.08 179504.47, 510288.3 179528.4, 510287.9 179541.37, 510287.8 179544.8, 510287.8 179545.1, 510287.5 179545.85, 510287.15 179546.35, 510287 179546.6, 510286.45 179547.2, 510286.05 179547.55, 510280.53 179540.86, 510276.9 179536.45, 510267.1 179524.55, 510262.95 179517.85, 510259.25 179511.85, 510259.8 179511.35, 510256.65 179507.1, 510254.5 179504.25, 510254 179500, 510253.8 179499.15, 510253.3 179498.75, 510252.65 179498.1, 510252.45 179493.3, 510252.348 179490.296, 510252.1 179482.95, 510252.15 179480.35, 510252.25 179474.85, 510252.3 179471.2, 510252.35 179469.75, 510252.65 179468.65, 510253.1 179467.25, 510256.25 179462.85, 510258.45 179459.9, 510259 179457.55, 510259.4 179456.2, 510260.1 179454.45, 510260.9 179452.75, 510261.8 179450.85, 510262.55 179449.4, 510263.35 179448, 510264.25 179446.5, 510265.35 179444.9, 510266.5 179443.3, 510267.9 179441.5, 510271.1 179438.335, 510275.695 179433.79, 510275.985 179433.522, 510279.566 179430.215, 510280.206 179429.624, 510281.576 179428.359, 510284.105 179427.381, 510285.5 179426.4, 510285.8 179426.35))",keep,App undecided,True,Unknown. Amazon??,,"UNIT 4, SILVERDALE INDUSTRIAL ESTATE, SILVERDALE ROAD, HAYES, UB3 3BL",Application Under Consideration,,,2.0,13.135,1656.7,,11.0,7.0,4.0,,,,,11.0
Hillingdon,,13/10/2020,Hillingdon-75111_APP_2020_1955,UB3 4QQ,"Site clearance and preparation, including the demolition of remaining buildings, and the redevelopment of the site to provide: a new data centre (Use Class B8), two MV Energy Centres (including stand-by generation plant and gas storage), a HV Sub-Station, a visitor reception centre, plant, the creation of a new footpath and cycleway link to the canal towpath, works to the highway, car parking, cycle parking, associated infrastructure, enclosures and necessary physical security systems, hard and soft landscaping (including works to the River Crane) and ancillary uses, as well as associated external works.",2025-03-19T03:28:28.917+00:00,75111/APP/2020/1955,http://planning.hillingdon.gov.uk/OcellaWeb/planningDetails?reference=75111/APP/2020/1955,5.35,True,POINT (-0.4101971 51.5016045),"POLYGON ((510304.5052 179286.4748, 510307.1511 179379.0791, 510580.9954 179380.402, 510580.9954 179294.4123, 510567.7662 179275.8914, 510567.7662 179266.631, 510567.7662 179254.7247, 510574.3808 179238.8497, 510580.9954 179233.558, 510566.4433 179181.9641, 510555.8599 179183.2871, 510538.662 179143.5995, 510364.0366 179216.36, 510309.7969 178998.0784, 510295.2448 178998.0784, 510332.2866 179166.0891, 510338.9012 179166.0891, 510352.1303 179208.4225, 510350.8074 179226.9434, 510297.8907 179258.6935, 510303.1823 179269.2768, 510307.1511 179283.8289, 510304.5052 179286.4748))",keep,,True,ARC Data Centres,https://www.ark-d-c.com/locations/union-park,"Land at Bulls Bridge Industrial Estate, NORTH HYDE GARDENS, HAYES, UB3 4QQ",In construction,,,5.0,32.25,44590.0,,348.0,26.0,62.0,44.0,8.0,210.0,,88.0
Hillingdon,,,Hillingdon-75111_APP_2025_739,UB3 4QQ,"Redevelopment of site to deliver extension to existing Union Park data centre campus consisting of (a) free standing data centre building; (b) energy, power, and water infrastructure; (c) site access and internal roads; (d) site security arrangements; (e) hard and soft, green landscaping; and (f) other ancillary and auxiliary forms of development.",2025-12-08T22:59:13.763Z,75111/APP/2025/739,http://planning.hillingdon.gov.uk/OcellaWeb/planningDetails?reference=75111/APP/2025/739,1.26,True,POINT (-0.412716 51.502258),"POLYGON ((510309.63 179379.01, 510309.65 179379.97, 510299.85 179380.2, 510293.8 179380.3, 510287.8 179380.5, 510248.65 179381.1, 510226.272 179381.535, 510217.75 179381.7, 510208.1 179381.9, 510197.553 179382.101, 510197.467 179375.059, 510195.79 179375.41, 510173.18 179375.91, 510173.07 179370.91, 510173.26 179368.51, 510173.56 179366.1, 510174.08 179363.86, 510174.22 179362.75, 510193.17 179349.92, 510199.36 179345.62, 510203.551 179342.66, 510224.8 179327.65, 510262.5 179301.35, 510289 179282.8, 510289.91 179282.09, 510301.175 179274.162, 510328.2 179255.14, 510338.763 179249.484, 510339.357 179250.409, 510340.07 179251.517, 510343.289 179256.523, 510344.541 179258.47, 510344.285 179258.63, 510308.17 179281.17, 510308.41 179302.87, 510308.49 179307.96, 510308.76 179324.63, 510309.63 179379.01))",keep,,True,ARC Data Centres,https://www.ark-d-c.com/locations/union-park,"Union Park, UP4 NORTH HYDE GARDENS, HAYES, UB3 4QQ",Application Under Consideration,,,4.0,35.0,15410.0,,114.0,8.0,20.0,15.0,2.0,69.0,,29.0
Hillingdon,,,Hillingdon-78343_APP_2025_719,UB4 0RH,"Hybrid planning application for a four-phased redevelopment to deliver a data centre campus comprising of:
Phase 1 - Full planning permission for (a) a data centre building; (b) energy, power, and water infrastructure; (c) site access and internal roads including a vehicular and pedestrian link between Uxbridge Road and Bullsbrook Road; (d) site security arrangements and security fencing; (e) hard and soft, green and blue, infrastructure; and (f) other ancillary and auxiliary forms of development;
Phase 2 - Outline planning permission for (a) an Innovation Hub; (b) hard and soft, green and blue, infrastructure; and (c) other ancillary and auxiliary forms of development (all matters reserved);
Phase 3 - Outline planning permission for (a) a data centre building; (b) energy, power, and water infrastructure; (c) internal roads; (d) site security arrangements and security fencing; (e) hard and soft, green and blue, infrastructure; and (f) other ancillary and auxiliary forms of development (all matters reserved); and
Phase 4 - Outline planning permission for (a) a data centre building; (b) energy, power, and water infrastructure; (c) internal roads; (d) site security arrangements and security fencing; (e) hard and soft, green and blue, infrastructure; and (f) other ancillary and auxiliary forms of development (all matters reserved).",2025-12-28T22:59:14.118Z,78343/APP/2025/719,http://planning.hillingdon.gov.uk/OcellaWeb/planningDetails?reference=78343/APP/2025/719,4.4,True,POINT (-0.394453 51.512324),POINT (-0.394453 51.512324),keep,Calculations for both full and outline components of the application. 200 employees of the innovation hub are excluded from the B8 employees,True,Colt Data Centre Services,,"Hayes Bridge Retail Park and Heathrow Interchange, UXBRIDGE ROAD, HAYES, UB4 0RH",Application Under Consideration,,,6.0,56.0,107185.0,SG,130.0,,,,,,,
Hounslow,10001262547,13/9/2007,Hounslow-P_2007_1897,TW3 3TU,"Change of use of part of the industrial/warehouse building, and extension of a mezzanine, to extend the existing data centre facilities within the building, together with extension to the western elevation of the building to house 3 generators, and the installation of 2x 50,000 litre underground fuel/oil storage tanks.",2025-08-14T12:36:43.947+01:00,P/2007/1897,https://planningandbuilding.hounslow.gov.uk/NECSWS/ES/Presentation/Planning/OnlinePlanning/OnlinePlanningOverview?applicationNumber=P%2F2007%2F1897&guid=6dca7f98-570d-401d-983c-6453da2b16c6,1.749,True,POINT (-0.3836253 51.451567),"POLYGON ((512518.28 173783.15, 512507.96 173787.02, 512504.2 173788.29, 512500.43 173789.48, 512500 173789.59, 512494.83 173790.97, 512489.51 173792.02, 512486.75 173792.27, 512478.63 173793.38, 512470.38 173793.93, 512464.671 173793.854, 512457.57 173793.76, 512445.16 173792.6, 512421.25 173789.73, 512399.36 173786.91, 512374 173783.34, 512372.69 173783.16, 512366.551 173782.316, 512366.76 173782.44, 512370.92 173784.89, 512352.648 173782.043, 512338.282 173779.805, 512327.34 173778.1, 512329.47 173776.64, 512330.81 173775.72, 512332.691 173774.089, 512333.15 173773.69, 512333.18 173773.64, 512333.2 173773.6, 512333.22 173773.55, 512333.24 173773.5, 512333.26 173773.45, 512333.28 173773.4, 512333.29 173773.35, 512333.3 173773.29, 512333.31 173773.24, 512333.32 173773.19, 512333.32 173773.13, 512333.32 173773.08, 512333.32 173773.03, 512333.32 173772.96, 512333.31 173772.91, 512333.31 173772.85, 512333.3 173772.8, 512333.29 173772.75, 512333.27 173772.7, 512333.25 173772.65, 512333.24 173772.6, 512333.22 173772.55, 512333.19 173772.5, 512333.17 173772.45, 512333.14 173772.41, 512333.11 173772.36, 512333.08 173772.32, 512333.03 173772.25, 512330.9 173770.37, 512325.28 173765.36, 512324.93 173765.78, 512325.47 173766.24, 512318.85 173772.97, 512304.67 173764.78, 512303.98 173764.32, 512303.32 173763.83, 512302.67 173763.31, 512302.05 173762.77, 512301.45 173762.2, 512300.54 173761.25, 512299.87 173760.46, 512299.26 173759.64, 512298.68 173758.79, 512298.14 173757.91, 512297.48 173756.73, 512297.03 173755.84, 512296.62 173754.94, 512296.24 173754.03, 512295.9 173753.1, 512295.45 173751.64, 512295.01 173749.55, 512294.61 173746.19, 512294.42 173743.63, 512294.34 173740.72, 512294.54 173735.26, 512295.06 173729.8, 512298.85 173708.16, 512300.56 173707.2, 512300.62 173706.83, 512301.52 173701.57, 512301.58 173701.21, 512300.53 173701.01, 512301.98 173694.1, 512304.46 173694.39, 512350.32 173700.64, 512353.975 173701.143, 512372.41 173703.68, 512393.54 173706.589, 512459.78 173715.71, 512465.22 173716.45, 512470.79 173716.98, 512472.77 173715.5, 512473.78 173716.58, 512474.73 173717.52, 512475.051 173717.811, 512475.72 173718.42, 512477.47 173719.82, 512477.55 173719.88, 512478.56 173720.59, 512479.68 173721.32, 512480.82 173722.02, 512481.98 173722.68, 512483.16 173723.32, 512486.16 173724.78, 512487.93 173725.53, 512489.73 173726.2, 512491.94 173727.78, 512493.62 173728.54, 512499.88 173731.37, 512500 173731.41, 512500.08 173731.43, 512504.02 173732.67, 512514 173737.09, 512514.378 173737.243, 512516.57 173738.13, 512519.2 173738.97, 512553.72 173748.27, 512550.54 173762.46, 512525.48 173779.36, 512522.81 173780.88, 512518.28 173783.15))",keep,,True,,,"Excaliber, Heathrow Gateway, Plot 3 Godfrey Way Hanworth Road, Hounslow, London",Completed,2007-01-01,,2.0,10.0,10710.0,,6.0,,,,,,,
Hounslow,,3/9/2009,Hounslow-P_2009_1661,,Erection of a power kiosk,,P/2009/1661,https://planningandbuilding.hounslow.gov.uk/NECSWS/ES/Presentation/Planning/OnlinePlanning/OnlinePlanningOverview?applicationNumber=P%2F2009%2F1661&guid=c58520c6-3a4e-42e5-9de8-9baeddd9dc82,1.0,,POINT (511412 175592),,add,Application to improve the existing data centre building,True,Redcentric,https://redcentricdatacentres.co.uk/data-centres/london-west-data-centre/,"Unit A, Heathrow Corporate Park, Green Lane, Hounslow TW4 6ER",Completed,2000-01-01,,2.0,,18116.0,,159.0,,,,,,,
Hounslow,100023518245,29/3/2012,Hounslow-P_2011_3272,UB2 5XU,"Erection of a 15,893 sq.m, three storey data centre warehouse with associated parking, single storey gatehouse, new access road, and access onto Hayes Road",2025-08-14T12:36:59.903+01:00,P/2011/3272,https://planningandbuilding.hounslow.gov.uk/NECSWS/ES/Presentation/Planning/OnlinePlanning/OnlinePlanningOverview?applicationNumber=P%2F2011%2F3272&guid=6dca7f98-570d-401d-983c-6453da2b16c6,1.06,True,POINT (510620 178771),"POLYGON ((510815.9290181 178752.2259645, 510889.4826428 178739.5266282, 510899.2722457 178789.0699564, 510899.4045377 178790.7897515, 510898.9415159 178791.9803789, 510896.824845 178793.5678821, 510894.6420282 178794.4277797, 510896.0979284 178803.29065, 510897.6854316 178803.29065, 510906.1521152 178801.438563, 510911.3108115 178800.5132085, 510916.206302 178800.3802275, 510920.4396438 178801.9677307, 510922.8208986 178804.0844016, 510924.9375695 178808.8469111, 510927.8479919 178825.2511106, 510924.9375695 178826.0448622, 510925.4667372 178829.4844524, 510925.731321 178833.9823781, 510924.9375695 178835.8344651, 510924.6729856 178837.6865521, 510918.5875568 178841.6553101, 510915.4125504 178843.771981, 510963.8313972 178833.1886265, 510959.5980554 178832.130291, 510959.3334716 178831.8657072, 510954.3063782 178830.5427878, 510951.9244344 178829.0882656, 510950.1384933 178827.0377407, 510947.6249466 178821.6137715, 510943.7230237 178803.29065, 510943.3916048 178799.7856029, 510945.045943 178796.4114696, 510947.1626139 178793.765631, 510952.1897073 178792.1781278, 510949.5438687 178781.5947733, 510941.0771851 178783.1822765, 510937.1738841 178783.7782792, 510933.9327317 178783.5798413, 510931.2875822 178782.123941, 510929.4354951 178780.5364378, 510927.3188242 178778.6843508, 510917.2646374 178780.8010217, 510916.2056129 178783.9767171, 510915.6102993 178785.7626582, 510914.6842557 178787.6808912, 510913.5604634 178789.2677053, 510911.4437925 178790.3260407, 510909.3271216 178790.0614569, 510908.53337 178787.944786, 510907.2104507 178784.2406119, 510899.4706836 178737.872979, 510881.2798541 178639.1838874, 510798.9956509 178656.7111902, 510815.9290181 178752.2259645))",keep,,True,Virtus,https://virtusdatacentres.com/locations/uk/london/hayes-campus,"Unit 9, Trade City, Behind, Hayes Rd, Hounslow, Hayes, Southall UB2 5BE",Completed,2014-01-01,,3.0,18.0,15893.0,,12.0,,,,,6.0,,
Hounslow,,15/10/2019,Hounslow-P_2019_3115,TW14 8RS,Erection of new gantry to accommodate additional external mechanical and electrical plant infrastructure to support 7.8MW up-grading work to Existing Data Centre.,,P/2019/3115,https://planningandbuilding.hounslow.gov.uk/NECSWS/ES/Presentation/Planning/OnlinePlanning/OnlinePlanningOverview?applicationNumber=P%2F2019%2F3115&guid=0fd49134-ad12-4a66-bf01-21f57d2d681a#,1.01,,POINT (507511 173105),,add,Gaps in data,True,ServerFarm,https://www.serverfarmllc.com/london-data-center/,"Serverfarm London Data Center LON1, Unit 4 Westgate Estate STAINES ROAD, FELTHAM, TW14 8RS",Completed,2000-01-01,,3.0,15.0,12077.3952,,,,,,,,,
Islington,MAN00000000000000854003,27/3/2001,Islington-P002628,EC2A 4DN,"Change of use of the ground floor and basement from B1 to rack mounted storage facilities for computer data transfer 

 APPLICANT'S PLAN NOS.:  001128D-011D, 012C, 031, 101, 111,                         112",2025-03-20T10:33:31.968+00:00,P002628,https://planning.agileapplications.co.uk/islington/application-details/249839,0.27,True,POINT (-0.0851665 51.5230345),"POLYGON ((532964.9919895 182207.2529677, 532970.5491606 182207.5028962, 532973.6493036 182207.6528532, 532973.0968845 182193.5968767, 532962.7493328 182193.2469769, 532955.6998056 182192.9970484, 532955.353513 182180.8005396, 532955.1968569 182177.2515555, 532954.8917896 182162.545765, 532954.3970859 182162.5957507, 532952.8964848 182162.6457364, 532949.4995197 182162.7457078, 532939.151968 182163.1455933, 532914.2024131 182164.1453071, 532914.7960575 182178.2512693, 532914.8537729 182178.7511263, 532914.7465871 182191.5474634, 532920.5511101 182191.6474347, 532919.7430941 182203.154141, 532919.5534577 182206.2532539, 532918.8526275 182216.7502491, 532918.4486195 182221.9987468, 532920.0481614 182222.0987181, 532925.3992061 182222.5985751, 532925.6960283 182222.5985751, 532930.0988909 182222.9484749, 532964.0520525 182225.8976307, 532963.2522816 182207.2529677, 532964.9919895 182207.2529677))",keep,"Application with no docs attached, information is from the website",True,iomart,https://www.iomart.com/our-data-centres/central-london-data-centre,"Standard House, 16-22 Epworth Street, EC2A 4DN",Completed,2001-01-01,,,,1517.0,,,,,,,,,
Islington,5300037504,29/11/2011,Islington-P112148,EC1V 0AB,Certificate of Lawfulness (Existing) for continued use of building as a data centre (B1 Use).,2025-03-20T01:38:06.781+00:00,P112148,https://planning.agileapplications.co.uk/islington/application-details/316834,,True,POINT (-0.100811 51.523574),"POLYGON ((531854.7410432328 182228.29638788087, 531854.6802686569 182225.29036224046, 531851.6973983927 182225.21289400815, 531851.6888057269 182228.21711794828, 531854.7410432328 182228.29638788087))",keep,,True,Verne Global,https://www.verneglobal.com/united-kingdom,"36-43, Great Sutton Street, Islington, London, EC1V 0AB",Completed,1979-01-01,,,,8450.0,,,,,,,,,
Islington,10001298046,26/8/2014,Islington-P2013_1089_FUL,EC1V 2PU,"Hybrid planning application for demolition of existing buildings and comprehensive redevelopment comprising full planning permission for all elements (other than Block 9 submitted in outline with appearance reserved) for four blocks ranging from 7 to 9 storeys plus two towers of 42 storeys (up to 155m) and 36 storeys (up to 137m), providing up to 995 residential units; commercial floorspace (Class B1) up to 7,600sqm; affordable workspace (Class B1); relocated data centre; flexible retail/financial and professional services/restaurant/caf√©/drinking establishment/health centre floorspace (Class A1/A2/A3/A4/D1) up to 3,650sqm; cr√®che (Class D1); and hotel (Class C1) of up to 190 beds; together with public open spaces, up to 1,223 cycle spaces, 225 car parking spaces and ancillary floorspace within a basement and other associated works. This proposal constitutes a departure from the development plan. This application may affect the character and appearance of a conservation area and the setting of a listed building. Town and Country Planning (Listed Building and Conservation Areas) Act 1990 (as amended); Section 67 and 73. AMENDMENTS RECEIVED 12/07/2013 INCLUDING DAYLIGHT AND SUNLIGHT INFORMATION RELATING TO AQUARELLE HOUSE.",2025-03-20T01:22:16.177+00:00,P2013/1089/FUL,https://planning.agileapplications.co.uk/islington/application-details/337943,1.949,False,POINT (-0.0956853 51.5290151),"POLYGON ((532095.86965 182885.90653, 532105.79155 182890.536735, 532281.7398 182821.08347, 532299.59925 182747, 532173.9219 182711.2811875, 532095.2082 182885.90653, 532095.86965 182885.90653))",keep,Data centre relocated to the ground and below ground floors of a new mixed-use development. Residential courtyard on top of the data centre space. No capture of waste heat from the data centre. ,True,Colt Data Centres,,250 City Road London EC1V 2PU,Completed,2000-01-01,,2.0,,1895.0,"C3, A1, C1, B1, D1",35.0,,,,,,,
Islington,10001298275,25/11/2013,Islington-P2013_2800_FUL,EC1M 6PB,The replacement of 10 existing cooling towers with 8 smaller towers; installation of new low level roof mounted plants; installation of replacement internal plant; re-sitting of the existing control room; creation of a new visitor centre and data control centre; temporary removal of the existing doors at nos. 51-53; and creation of a new small atrium at roof level.,2025-03-20T01:18:23.018+00:00,P2013/2800/FUL,https://planning.agileapplications.co.uk/islington/application-details/351124,0.303,True,POINT (-0.1042515 51.5192439),"POLYGON ((531648.7421902 181751.093542, 531650.6467993 181752.0932558, 531653.1450528 181753.4028809, 531665.6528105 181730.3994656, 531663.0391262 181729.0498519, 531662.9401854 181729.2497947, 531658.4466271 181726.8004958, 531644.1909165 181719.0527136, 531634.4452543 181713.7542302, 531633.6949537 181713.3543447, 531612.0928936 181702.1475526, 531607.4921495 181699.7482394, 531595.2977042 181754.3925976, 531595.1987634 181754.8424689, 531603.1470023 181758.4414387, 531603.1964727 181757.8416104, 531609.4956994 181761.1006775, 531614.1953842 181763.450005, 531615.646515 181764.1997904, 531617.1965864 181764.9995614, 531622.0446824 181767.4488603, 531621.8962713 181768.0986743, 531628.4923202 181773.1472292, 531629.0447392 181773.5471147, 531634.544195 181777.7459128, 531642.8469715 181773.497129, 531642.2945524 181772.5973866, 531641.0495482 181770.3980161, 531638.9470576 181766.7490606, 531638.6419904 181766.199218, 531641.6431926 181764.5996759, 531643.3499203 181761.3006202, 531646.8952965 181754.5425547, 531648.7421902 181751.093542))",keep,"Company activity unclearr, as well as space of the data centre. Cooling towers are large for the building interior. The rest of the building is office.",True,E.ON,https://www.eon.com/en.html,"47 - 53 Charterhouse Street, Islington, London, EC1M 6PB",Completed,2012-01-01,,,,,,,,,,,,,
Islington,5300102027,20/12/2021,Islington-P2021_2555_FUL,EC1V 9BJ,"Proposed change of use of basement from Office (Class E) to Data Centre (Sui Generis), plus installation and adaptation of rooftop plant, plus all associated works and operations.",2025-03-19T18:46:59.156+00:00,P2021/2555/FUL,https://planning.agileapplications.co.uk/islington/application-details/507491,0.045,True,POINT (-0.0918377 51.5248339),"POLYGON ((532473.2977707 182369.1466261, 532472.4485294 182368.9466834, 532467.4437773 182367.6970411, 532466.7017218 182369.9963829, 532465.5556583 182373.765304, 532462.537966 182383.7024596, 532466.7429471 182384.9021162, 532465.3990022 182390.3005709, 532464.3436343 182394.6293318, 532463.2965116 182398.8981098, 532467.4932477 182400.1977378, 532469.9997463 182400.9975089, 532470.914948 182401.2974231, 532474.3036682 182402.3971083, 532477.0410284 182390.9503849, 532479.3908708 182382.2028888, 532479.4898116 182381.8429918, 532481.3449503 182374.8549921, 532481.9468398 182372.1957533, 532482.3920731 182370.4962398, 532482.5322391 182369.8364287, 532482.5487293 182369.7964401, 532479.7289184 182368.556795, 532474.147012 182366.0974989, 532473.2977707 182369.1466261))",keep,BAI Communications has been commissioned by the GLA (via TfL) to deliver the IT and technical infrastructure required to deliver fast and reliable 5G wifi and mobile communications for the London Underground system,True,TFL,,"138-140 Basement, Old Street, London, EC1V 9BJ",,,,5.0,,352.0,,,,,,,,,
Newham,010096297449,20/12/2024,Newham-23_01697_OUT,E16 2AB,"Hybrid planning application for a phased mixed-use redevelopment comprising up to 213,239sqm GEA: 1. Detailed component: a) Site wide enabling works relating to ground works, remediation, raising of site levels, utilities works, security fencing, new accesses to the public highway, and construction of a relocated access road serving Peruvian Wharf; and b) Construction of a 64,203 sqm GEA data centre building (including ancillary office space)(Use Class B8) of up to 63.760m AOD in height, a security gatehouse and sprinkler building; construction of a primary substation; public open space, utilities works, landscaping, security fencing, pedestrian and cycle route, construction of estate roads, cycle and car parking areas and associated access and public realm works. 2. Outline component (all matters reserved): development above raised ground levels to provide up to 144,755 sqm GEA of data centre floorspace (including ancillary office space) (Use Class B8) in two buildings of up to 65m AOD in height; construction of a 2,355 sqm GEA multi-function building of up to 15.5m AOD in height (Use Class E / F1); landscaping, utilities works, construction of estate roads, cycle and car parking areas and associated access.The application affects the setting of Listed Buildings/Structures.This is a Major Planning Application accompanied by an Environmental Statement for the purposes of Environmental Impact Assessment under the Town and Country Planning (Environmental Impact Assessment) Regulations 2017 (as amended). (RECONSULTATION - Amended Description, Plans and Reports.)",2025-03-19T10:45:51.027+00:00,23/01697/OUT,https://pa.newham.gov.uk/online-applications/applicationDetails.do?keyVal=RYO2PDJYKGS00&activeTab=summary,8.54,False,POINT (0.019529 51.502689),"POLYGON ((540148 180332, 539913 180173, 539918 180164, 539945 180181, 539951 180169, 539925 180155, 539963 180098, 539987 180114, 540029 180053, 540135 180123, 540185 180060, 540224 180046, 540245 180019, 540384 180119, 540425 180119, 540409 180142, 540429 180159, 540418 180165, 540148 180332))",keep,,True,,,Land At Former Paint Factory And Central Thameside West North Woolwich Road Silvertown London E16 2AB,In construction,,,7.0,65.0,205365.0,,542.0,24.0,12.0,21.0,,54.0,,129.0
Newham,010008984031,14/4/2025,Newham-24_00088_FUL,E16 4ST,"Erection of a data centre (Use Class B8), comprising a Data Centre Building of approximately 72.3m AOD in height (approximately 59,923qm GEA including ancillary office space); a Plant Building of approximately 72.3m AOD in height (approximately 30,302sqm GEA), an Energy Centre of approximately 32.4m AOD in height (approximately 4,789sqm GEA), with associated works including landscaping, access, car and cycle parking, and servicing areas.This application is accompanied by an Environmental Statement for the purposes of Environmental Impact Assessment under The Town and Country Planning (Environmental Impact Assessment) Regulations 2017 (as amended).",2025-04-28T04:00:55.736Z,24/00088/FUL,https://pa.newham.gov.uk/online-applications/applicationDetails.do?keyVal=S7B5SDJYHK500&activeTab=summary,1.974,True,POINT (0.002493 51.517054),"POLYGON ((539095 181776, 539083 181770, 538972 181635, 539059 181580, 539091 181619, 539126 181590, 539170 181617, 539095 181776))",keep,,True,,,Land At Former EMR Site Bidder Street Canning Town London E16 4ST,Application Under Consideration,,,,72.3,76180.0,,130.0,,,,,,,
Slough,,6/7/2015,Slough-P_00348_008,SL1 4AN,Proposed installation of solar photovoltaic panels with a generating capacity of 1.6 megawatt peak on existing roof slope of a data centre.,,P/00348/008,https://planning.agileapplications.co.uk/slough/application-details/37609,1.25,,POINT (496075 180599),,add,Not in Greater London,True,Kao Data,https://kaodata.com/locations/slough,"672, Galvin Road, Slough, SL1 4AN",,,,,17.5,30000.0,,,,,,,,,
Slough,,8/3/2013,Slough-P_06629_020,SL1 1YW,"CHANGE OF USE OF BUILDING FROM POSTAL SORTING OFFICE (SUI GENERIS) TO DATA CENTRE (CLASS B8), INSTALLATION OF PLANT AND MACHINERY AND INSTALLATION OF LOUVRES ON ALL ELEVATIONS DEMOLITION OF SINGLE STOREY STRUCTURES AND ERECTION OF NEW BOUNDARY WALL TO THE REAR OF THE SITE.",,P/06629/020,https://www.sbcplanning.co.uk/search.php,,,POINT (498194 179795),,add,Not in Greater London,True,British Telecommunications PLC,,"100, Slough Telephone Exchange, Wellington Street, Slough, London SL1 1YW",Completed,2013-01-01,,3.0,14.0,2041.0,,8.0,,,,,,,
Tower Hamlets,,13/7/2000,Tower_Hamlets-PA_00_00622,E14 2AA,Erection of new building to house electrical plant associated with Telehouse facilities,,PA/00/00622,https://development.towerhamlets.gov.uk/online-applications/applicationDetails.do?activeTab=documents&keyVal=DCAPR_17525,,,,,keep,,True,Telehouse International Corporation of Europe Ltd,https://www.telehouse.net/data-centre-services/uk/london/telehouse-east/,"Telehouse East, Telehouse Campus, Coriander Avenue, London, E14 2AA",Completed,2010-01-01,,6.0,35.0,1320.0,,70.0,,,,,,,
Tower Hamlets,6158988,18/2/2009,Tower_Hamlets-PA_08_01799,E14 2AA,"Erection of a new data centre (Sui Generis) comprising 20,080 sqm of floor space consisting of a nine storey technical building and a two storey generator building. Construction of a new first floor bridge link to existing administration building. Erection of a new part 2, part 3 storey EDF primary sub station consisting of 2,197 sqm floor space incorporating partial infilling of an existing concrete lined linear pond. Other works include a new single storey security booth; revised access arrangements; associated landscaping, car parking and other associated works. (REGULATION 19 RESPONSE)",2025-08-14T12:58:39.568+01:00,PA/08/01799/A1,https://development.towerhamlets.gov.uk/online-applications/applicationDetails.do?activeTab=summary&keyVal=DCAPR_60814,0.7,True,POINT (-0.0023151 51.5113015),"POLYGON ((538715.3684 180987.9473675, 538731.1579 180979.78948, 538765.3684 180991.1052625, 538738.5263 181070.5789375, 538746.6842 181073.2105325, 538739.57895 181091.6316025, 538790.6316 181109.263175, 538786.42105 181123.7368525, 538712.21055 181099.78949, 538709.57895 181108.9999775, 538703.26315 181107.6842275, 538693 181136.1052825, 538683.5263 181132.9473875, 538700.10525 181081.63157, 538686.42105 181076.8947275, 538684.8421 181076.6315775, 538715.3684 180987.9473675))",keep,,True,Telehouse International Corporation of Europe Ltd,https://www.telehouse.net/data-centre-services/uk/london/telehouse-west/?utm_medium=maps&utm_source=google&utm_campaign=london%20data%20centres,"Telehouse West, Site At East India Dock Site, East India Dock Road, London, E14 2AA",Completed,2010-01-01,,9.0,55.0,20080.0,,115.0,,,,,,,
Tower Hamlets,,,Tower_Hamlets-PA_10_02346_NC,,"Variation of conditions 2 (development to be carried out in accordance with approved documents) and 3 (cycle parking to be implemented prior to first occupation of development) of planning permission dated 8th July 2010, reference PA/10/1018 for change of use of undercroft to office (Use Class B1, 890 square metres); enclosure of space with new glazed curtain wall and provision of new pavement to provide level access.",,PA/10/02346/NC,https://development.towerhamlets.gov.uk/online-applications/simpleSearchResults.do?action=firstPage,,,,,keep,"Referred to in other Truman Brewery applications as having a data centre, but it is not reflected in the planning applications. Possible data loss. Keep only for location",True,Digital Realty ,,"Z Block Undercroft, The Old Truman Brewery, 91 Brick Lane, E1",Completed,2019-01-01,,,,,,,,,,,,,
Tower Hamlets,6061543,23/8/2011,Tower_Hamlets-PA_10_02860,E14 9HE,"Change of use of whole building from (B1 Office space) to a collocation data centre involving: - new plant and screen enclosure on roof of building 6, - elevated, screened infill gantries to house plant located between buildings 6+7 and 8+9. Location of new external plant at ground level including: - temporary location of stand-by generators to roadway along South boundary, - new electrical switch room on East boundary beneath the elevated Docklands Light Railway track, - new plant enclosure building on vacant land to the South East of building 6+7. New internal floor area on 1st and 2nd floors with extended ground floor reception.",2025-08-14T12:58:50.382+01:00,PA/10/02860/A1,https://development.towerhamlets.gov.uk/online-applications/applicationDetails.do?keyVal=DCAPR_97902&activeTab=summary,0.481,True,POINT (-0.01446 51.498107),"POLYGON ((537921.6894448688 179555.35219884652, 537921.6321356902 179552.34605858906, 537918.6445536646 179552.37626945367, 537918.6324562936 179555.38052610238, 537921.6894448688 179555.35219884652))",keep,,True,Equinix Data Centre,https://www.equinix.com/data-centers/europe-colocation/united-kingdom-colocation/london-data-centers/ld8,"6 - 7 Harbour Exchange Square (and land to the south east), London, E14 9HE",Completed,1999-01-01,,12.0,,16413.0,,262.0,,,,,,,
Tower Hamlets,6152936,3/7/2013,Tower_Hamlets-PA_12_00090,E1 6QL,"Demolition of the existing store building, sub-station, workshops and boundary wall to Buxton Street and Spital Street up to the Cooperage Building and erection of a 3 storey high data centre with basement accommodation including provision of Use Class B1 enterprise / D1 training floorspace, provision of rooftop satellite dishes, roof mounted mechanical plant, security fencing, cycle parking and provision of two electric charging car parking spaces.",2025-08-14T13:19:18.935+01:00,PA/12/00090/EX,https://development.towerhamlets.gov.uk/online-applications/simpleSearchResults.do?action=firstPage,0.36,True,POINT (-0.0703653 51.5215866),"POLYGON ((534001.75785 182054.2531125, 533987.60265 182055.046885, 533987.33805 182051.210405, 533984.16305 182051.6072675, 533983.1047 182036.1291075, 533930.32025 182039.9655875, 533933.8921 182096.189675, 533969.21405 182092.882345, 533969.21405 182092.2209075, 534000.0381 182090.2365, 534002.15475 182084.41566, 534003.60995 182083.621935, 534001.75785 182054.2531125))",keep,,True,Digital Realty ,,"Blocks L and N Truman's Brewery, Land within former Truman's Brewery site, Spital Street / Buxton Street, London, E1 6QL",Not built,,,3.0,18.5,10410.0,,30.0,,,,,,,
Tower Hamlets,,10/10/2012,Tower_Hamlets-PA_12_01898_NC,E1 6QL,Demolition of the northern two storey section of Block C and erection of a new two storey building to be used as an electricity substation and LV switch room including enlargement of existing basement.,,PA/12/01898/NC,https://development.towerhamlets.gov.uk/online-applications/applicationDetails.do?activeTab=documents&keyVal=DCAPR_103430,0.028,,,,keep,,True,Digital Realty ,https://www.digitalrealty.com/data-centers/emea/london/lon2,"Block C Truman's Brewery, 91-95 Brick Lane, London, E1 6QL",Completed,2012-01-01,,,,690.0,,,,,,,,,
Tower Hamlets,6155368,13/12/2013,Tower_Hamlets-PA_13_00803,E14,Change of use from business (Use Class B1) to data centre (Use Class B8) extensions to and refurbishment of Archway House to include two additional floors of data centre use with associated plant.,2025-08-14T12:59:01.405+01:00,PA/13/00803,https://development.towerhamlets.gov.uk/online-applications/applicationDetails.do?keyVal=DCAPR_105956&activeTab=summary,0.217,True,POINT (-0.0182919 51.4968331),"POLYGON ((537681.7463894 179423.0578592, 537679.3651347 179387.4713297, 537655.1557112 179388.0004975, 537654.6265435 179381.253609, 537630.2848282 179382.5765283, 537632.533791 179418.0307659, 537608.7212434 179419.8828529, 537609.1181192 179428.6141204, 537681.7463894 179423.0578592))",keep,,True,Digital Realty ,https://www.digitalrealty.com/data-centers/emea/london/lhr19?utm_medium=organic_search&utm_source=googlebusinessprofile&utm_campaign=GLOB-SEM-ONGOING-GGL-GR-Locations_GBP,"Archway House, 1 Muirfield Crescent and 47 Millharbour, London, E14 9SZ",Completed,2014-01-01,,7.0,30.0,9666.0,,41.0,12.0,20.0,3.0,6.0,,,
Tower Hamlets,6648579,23/10/2014,Tower_Hamlets-PA_14_00074,E14,"Erection on Site 6 of a new 10 storey data centre building of 66m in height comprising approximately 24,370m2 of floor space including provision of roof top plant and satellite dish; reconfiguration of loading bay area to North building; new first floor bridge link to existing North building; erection on Site 8 of a new 12 storey office development 65m in height comprising approximately 13,283m2 of floor space; provision of car and cycle parking; re-routing of existing cycle path on Sorrel Lane; associated landscaping; provision of security fencing, gates and other associated works. | Telehouse Far East, Sites 6 and 8, Oregano Drive, E14",2025-08-14T12:59:04.518+01:00,PA/14/00074/A1,,0.886,True,POINT (-0.0004395 51.512007),"POLYGON ((538817.9 181132.04, 538818.85 181134.1, 538806.58 181173.82, 538813.43 181175.98, 538835.3 181183.25, 538836.4 181183.45, 538837.45 181183.6, 538838.55 181183.7, 538839.65 181183.75, 538840.75 181183.75, 538841.85 181183.7, 538843.2 181183.6, 538844.5 181183.4, 538845.75 181183.15, 538847 181182.85, 538848.25 181182.45, 538849.75 181181.95, 538851.75 181181.15, 538852.7 181180.75, 538853.65 181180.3, 538854.6 181179.8, 538855.55 181179.25, 538857 181178.25, 538857.85 181177.6, 538858.65 181176.9, 538860.15 181175.4, 538860.9 181174.6, 538861.55 181173.8, 538862.2 181172.95, 538862.8 181172.05, 538863.35 181171.15, 538863.85 181170.25, 538864.35 181169.3, 538864.8 181168.3, 538865.35 181166.85, 538879.45 181124.4, 538879.75 181123.5, 538880.05 181122.55, 538880.25 181121.65, 538880.55 181119.85, 538880.65 181118.85, 538880.7 181117.8, 538880.7 181116.8, 538880.5 181114.8, 538880.35 181113.8, 538880.15 181112.8, 538879.65 181110.95, 538879.35 181110, 538878.55 181108.1, 538878.1 181107.2, 538877.6 181106.3, 538877.05 181105.45, 538876.35 181104.4, 538888.648294 181095.5074507, 538894.8660147 181089.8850436, 538907.3676022 181049.7344425, 538907.89677 181044.839641, 538908.0952079 181040.937029, 538907.830624 181035.248476, 538906.4415587 181026.7156464, 538902.5389467 181021.4901151, 538900.6207137 181020.1010499, 538896.25508 181018.7119846, 538893.1462196 181018.0505249, 538887.7222504 181019.1750064, 538871.6487808 181024.5989755, 538850.6143637 181035.8437897, 538840.7586149 181064.4849928, 538845.6534163 181075.9282449, 538843.2 181088.7, 538830.15 181095.25, 538817.9 181132.04))",keep,"Office use B1 is in another building, but currently it exists as travelodge hotel, not B1",True,Telehouse International Corporation of Europe Ltd,,"Telehouse Far East, Sites 6 and 8, Oregano Drive, E14",,,,10.0,62.0,24370.0,,149.0,,,,,,,
Tower Hamlets,6063832,30/9/2021,Tower_Hamlets-PA_20_02381_NC,E14 9NN,Extension of existing data centre by an additional storey,2025-12-28T20:59:28.786Z,PA/20/02381/NC,https://development.towerhamlets.gov.uk/online-applications/simpleSearchResults.do?action=firstPage,0.4983,True,POINT (-0.018029 51.495542),POINT (-0.018029 51.495542),keep,,True,Echelon,https://echelon-dc.com/lcy10/,"2-4 Greenwich View Place, London, E14 9NN",Completed,2016-01-01,,5.0,24.35,14727.0,,61.0,,,,,6.0,,31.0
Tower Hamlets,6151764,27/5/2021,Tower_Hamlets-PA_21_00615_NC,E1 6QL,Erection of 14 no. 1.2m diameter satellite dishes and associated supporting platform at roof level and cable ladder on east elevation of existing data centre building,2025-12-28T20:59:31.892Z,PA/21/00615/NC,https://development.towerhamlets.gov.uk/online-applications/applicationDetails.do?activeTab=summary&keyVal=DCAPR_134647,0.0714,True,POINT (-0.072453 51.52125),POINT (-0.072453 51.52125),keep,,True,Digital Realty ,https://www.digitalrealty.com/data-centers/emea/london/lon3,"Block D, Trumans Brewery, 91 Brick Lane, London, E1 6QL",Completed,2019-01-01,,6.0,29.753,1850.0,,32.0,12.0,,,6.0,1.0,13.0,7.0
Tower Hamlets,6083017,26/1/2023,Tower_Hamlets-PA_21_02182_A1,E14 2BG,"A hybrid planning application for:√øDetailed planning application for works to include: Demolition of existing buildings and structures and the phased erection of buildings, comprising: √øResidential Build to Rent Homes (Use Class C3); Student Accommodation and ancillary facilities (Sui Generis); Flexible Commercial Floorspace (Use Class E); Alterations to the Listed Dock Wall and Dock Gardens to provide new pedestrian connections and improved access; √øAlterations to the existing access road; Associated improvements to streets, open spaces, landscaping and public realm; and Provision of car and bicycle parking spaces and servicing spaces and other works incidental to the proposed development.√øFor the purposes of consultation - The Detailed Phase of the application will include buildings of 30 storeys (102.3 AOD) and 36 storeys (113.7 AOD) delivering 150 Homes and 716 Student Bedrooms. Outline planning application (all matters reserved) for the balance of the site for: √øDemolition of existing buildings and structures; The phased erection of buildings for use as a Data Centre (Use Class B8), Flexible Creative Workspace (Use Class E(g)), Community Space (Class F2), and/or a Swimming Pool (Class F2); and associated infrastructure; streets, open spaces, landscaping and public realm; car and bicycle parking spaces and servicing spaces; Utilities including electricity substations; and other works incidental to the proposed development. This application is accompanied by an Environmental Statement.",2025-12-28T20:59:36.179Z,PA/21/02182/A1,https://development.towerhamlets.gov.uk/online-applications/simpleSearchResults.do?action=firstPage,0.45,True,POINT (-0.006175 51.509999),"POLYGON ((538429.05 180909.15, 538444.032 180864.301, 538444.7 180862.3, 538459.9 180867.2, 538464.2 180868.6, 538475.55 180872.3, 538484.45 180875.2, 538482.25 180881.65, 538483.35 180882, 538481.15 180888.5, 538477.2 180891, 538472.1 180906, 538474 180910.2, 538471.65 180917.05, 538471 180916.8, 538469.1 180922.4, 538449.2 180915.8, 538429.05 180909.15))",keep,"Republic Masterplan Site. Plot 3, data centre, is in the outline stage. B8 sqm is GEA. Employee numbers are likely to include all plots",True,,,"Mulberry Place Town Hall, 5 Clove Crescent, And Lighterman House, 3 Clove Crescent, London, E14 2BG ",Pre-app,,,11.0,79.1,34500.0,,308.0,,,,,,,
Tower Hamlets,6085994,20/11/2023,Tower_Hamlets-PA_21_02777_A1,E14 9YY,"Erection of a data centre (Use Class B8) adjacent to East India Dock House with a connecting bridge over Nutmeg Lane to the existing London East building and other associated works including landscaping, car and cycle parking, refuse storage and lighting.",2025-12-28T20:59:41.502Z,PA/21/02777/A1,https://development.towerhamlets.gov.uk/online-applications/applicationDetails.do?keyVal=DCAPR_137028&activeTab=summary,2.05,True,POINT (-0.006082 51.511148),POINT (-0.006082 51.511148),keep,GIA increased following amendments,True,Global Switch London,,"East India Dock House, 240 East India Dock Road, London, E14 9YY",Not built,,,7.0,56.8,27218.0,,92.0,,,,,,,
Tower Hamlets,6143374,13/1/2023,Tower_Hamlets-PA_22_01023_NC,E14 2EH,Refurbishment of existing data centre facility; replacement roof-top plant; new facade treatment; new security gatehouse; alterations to existing SSB building; associated landscaping and ancillary works.,2025-12-28T20:59:44.486Z,PA/22/01023/NC,https://development.towerhamlets.gov.uk/online-applications/simpleSearchResults.do?action=firstPage,1.181,True,POINT (-0.003729 51.507268),"POLYGON ((538637.728 180704.649, 538636.37 180703.24, 538626.57 180693.38, 538621.385 180688.619, 538619.107 180686.528, 538618.873 180686.446, 538617.384 180685.927, 538617.767 180685.45, 538621.052 180681.357, 538618.507 180679.304, 538615.593 180676.952, 538615.315 180676.729, 538614.37 180675.966, 538609.504 180679.423, 538608.401 180680.207, 538607.138 180679.241, 538606.325 180678.62, 538602.82 180675.942, 538602.681 180675.835, 538602.584 180675.761, 538598.505 180672.539, 538598.443 180672.485, 538594.784 180669.331, 538593.627 180668.179, 538592.305 180663.446, 538592.489 180662.573, 538593.159 180659.384, 538593.797 180656.351, 538598.379 180645.148, 538599.209 180642.885, 538599.546 180642.853, 538600.234 180642.789, 538600.513 180642.086, 538601.102 180640.605, 538600.728 180640.426, 538598.304 180639.404, 538597.754 180642.273, 538597.075 180642.407, 538597.046 180642.413, 538596.397 180643.985, 538596.414 180644.027, 538596.89 180645.158, 538596.695 180645.637, 538596.4 180646.362, 538595.604 180648.375, 538594.22 180651.8, 538592.52 180656.18, 538590.718 180657.6, 538589.916 180661.701, 538579.02 180656.16, 538580.51 180655.54, 538582.08 180654.39, 538583.32 180653.34, 538583.56 180652.83, 538583.97 180649.82, 538584.77 180644.01, 538585.066 180641.743, 538583.634 180641.16, 538583.65 180641.05, 538584.37 180636.26, 538586.92 180637.66, 538587.05 180637.35, 538597.35 180612.8, 538597.64 180612.1, 538607 180589.85, 538607.2 180589.35, 538608.35 180587.1, 538624.1 180549.8, 538637.7 180532.05, 538651.3 180514.2, 538654.52 180511.41, 538654.8 180511.17, 538655 180511, 538655.85 180511.75, 538654.8 180514.15, 538650.05 180524.55, 538673.95 180535.55, 538694.75 180555.95, 538695.4 180556.6, 538695.6 180556.9, 538695.75 180557.25, 538695.9 180557.55, 538696 180557.9, 538696.1 180558.3, 538696.1 180559, 538696.072 180559.193, 538698.862 180561.241, 538695.303 180565.885, 538698.558 180568.751, 538698.633 180568.817, 538701.591 180571.422, 538671.289 180611.829, 538661.733 180624.572, 538660.314 180626.463, 538668.595 180632.78, 538666.519 180635.252, 538676.061 180642.637, 538681.772 180646.797, 538682.689 180650.633, 538637.728 180704.649))",keep,,True,Telehouse International Corporation of Europe Ltd,,"Telehouse South, 1 Paul Julius Close, London, E14 2EH",Completed,2013-01-01,,11.0,,31119.0,SpecifiedOther,250.0,,,,,,,
Tower Hamlets,6715240,24/1/2023,Tower_Hamlets-PA_22_01982_A1,E14 9FT,"Change of use of existing light industrial units 1-6 (originally consented as B1/B2 use. B1 subsequently re-categorised from 1st September 2020 as Class E(g)), totalling 490 m√Ω to data centre use (B8 - storage and distribution). The application also includes construction of an external generator and sub-station compound alongside the existing Energy Centre building and changes to the appearance of the light industrial units to replace existing industrial doors with new insulated metal cladding, external doors and ventilation louvre screens and installation of external air conditioning plant in acoustic enclosures.",2025-12-28T20:59:50.732Z,PA/22/01982/A1,https://development.towerhamlets.gov.uk/online-applications/simpleSearchResults.do?action=firstPage,0.1128,True,POINT (-0.011491 51.508048),POINT (-0.011491 51.508048),keep,"Ground floor of a residential tower. The heat is not reused - the units were repurposed from B1 use. Data centre is relocated from the nearby warehouse, see PA/24/00576/NC",True,Colt Data Centre Services,,"1, 2, 3, 4, 5, 6, Astoria Way, London, E14 9FT",Completed,2017-01-01,,1.0,,490.0,"B1, C3",7.0,,,2.0,,5.0,,7.0
Tower Hamlets,6715322,12/3/2024,Tower_Hamlets-PA_23_01021_NC,E14 9HF,"Provision of new SCR (Selective Catalytic Reduction) Units and DPF (Diesel Particulate Filter) Units to the existing stand-by generators serving the data centre elements of the building. Addition of SCR and DPF will improve emissions from the generators. These units are proposed to be housed within the existing in weatherproof enclosures on the existing plant deck behind Building 8-9, virtually completely concealed behind the existing plant louvre screen.",2025-12-28T20:59:51.290Z,PA/23/01021/NC,https://development.towerhamlets.gov.uk/online-applications/simpleSearchResults.do?action=firstPage,0.0174,True,POINT (-0.015408 51.498177),POINT (-0.015408 51.498177),keep,The proposal is for a data centre building located adjacent. There is no planning record for the building itself. The scale and size is unknown. The number of employees is taken from one of the records for building roof plants.,True,Equinix Data Centre,https://www.equinix.com/data-centers/europe-colocation/united-kingdom-colocation/london-data-centers/ld8,"Rear of, 8-9 Harbour Exchange Square, London, E14 9HF",Completed,1999-01-01,,10.0,,,,100.0,,,,,,,
Tower Hamlets,6065017,30/9/2024,Tower_Hamlets-PA_24_00813_NC,,Listed Building Consent for a proposed data storage main equipment room with following works.40no. 600x600mm Cabinets6no. Distribution Boards4no. AC 2 950x950 Air Conditioning Units and associated air ductingOverhead Containment trays2no. Backup Power UnitsColt Entry Point for associated cabling to feed through125A 3 Phase Incoming Mains SupplyFalse Ceiling together with fixingsReplacement of a windowpane with a vent Additional door,2025-12-28T21:00:23.173Z,PA/24/00813/NC,https://development.towerhamlets.gov.uk/online-applications/simpleSearchResults.do?action=firstPage,0.009,True,POINT (-0.026982 51.507401),POINT (-0.026982 51.507401),keep,Equipment room to provide supporting equipment for the use of data storage for various mobile network operators,True,,enterprise,"Unit 100, Cannon Workshops, 3 Cannon Drive, London, E14 4AS",Completed,,,1.0,5.0,90.0,,,,,,,,,
Tower Hamlets,6162105,,Tower_Hamlets-PA_24_01450_A1,,"Demolition of existing buildings on site and construction of new building comprising 5,200sqm GIA of Use Class B8 floorspace for use as a data centre, reaching a maximum height of approximately 29m (41.78m AOD).This application is accompanied by an Environmental Impact Assessment (EIA).",2025-12-28T21:00:04.819Z,PA/24/01450/A1,https://development.towerhamlets.gov.uk/online-applications/applicationDetails.do?keyVal=DCAPR145595&activeTab=summary,0.16,True,POINT (-0.073806 51.5213),POINT (-0.073806 51.5213),keep,Site opposite Truman Brewery complex. Likely Interxion,True,Digital Realty ,,"Block A Truman's Brewery, Data Centre, Land at the corner of Grey Eagle Street and Calvin Street, E1",Application Under Consideration,,,4.0,29.0,5266.0,,20.0,,,,,,,
Tower Hamlets,6150205,24/12/2025,Tower_Hamlets-PA_24_01932_A1,E14 2AX,"Erection of east and west extensions to existing data centre building, alterations to the north and south fa‚Ä°ades, infill of reception atrium, installation of new flues and plant, upgrade of rooftop chillers and other associated works including landscaping, cycle parking and lighting",2025-12-28T21:00:24.071Z,PA/24/01932/A1,https://development.towerhamlets.gov.uk/online-applications/simpleSearchResults.do?action=firstPage,1.0,True,POINT (-0.003482 51.510942),POINT (-0.003482 51.510942),keep,,True,Global Switch London,https://www.globalswitch.com/,"Global Switch House East, 3 Nutmeg Lane, London, E14 2AX",Completed,2002-01-01,,13.0,75.6,69829.0,,84.0,,,,,,,
Hounslow,,,,,,,,,2.518,,POINT (511490 175410),,add,"No information, keep for location",True,Morgan Stanley,"https://www.kipo.co.uk/new-page, https://wheretheinternetlives.wordpress.com/2016/08/09/morgan-stanley-heathrow/, https://www.propertyweek.com/news/morgan-stanley-takes-tyco-heathrow-shed","Unit D, Heathrow Corporate Park, Green Lane, Hounslow TW4 6ER",Completed,2003-01-01,,,,,,,,,,,,,
Hillingdon,,,,UB7 0NA,,,,,,,POINT (507005 177008),,add,"Acquired by DRT in 2016, Originally opened by IXEurope in 2002, then part of Equinix in 2007 when Equinix acquired IXEurope",True,Digital Realty ,"https://www.digitalrealty.com/data-centers/emea/london/lhr17, https://www.colo-x.com/data-centre/digital-realty-trust-west-drayton/","West Drayton, 1 Airport Gate Bath Road, Middlesex UB7 0NA",Completed,2002-01-01,,2.0,,4000.0,,,,,,,,,
Tower Hamlets,,,,EC1Y 1HQ,,,,,,,POINT (532840 182343),,add,,True,Digital Realty ,"https://www.digitalrealty.com/data-centers/emea/london/lhr18, https://www.colo-x.com/data-centre/digital-realty-trust-olivers-yard/","1 Oliver’s Yard, London, EC1Y 1HQ",Completed,2002-01-01,,,,2500.0,,,,,,,,,
Tower Hamlets,,,,E14 9SD,,,,,,,POINT (538150 179752),,add,,True,Digital Realty ,"https://www.digitalrealty.com/data-centers/emea/london/lhr20, https://www.connetu.com/london-data-centres/telecity-digital-realty-sovereign-house","227 Marsh Wall, London E14 9SD",Completed,2001-01-01,,6.0,,6200.0,,,,,,,,,
Tower Hamlets,,,,E1 6QR,,,,,,,POINT (533775 182015),,add,,True,Digital Realty ,"https://www.digitalrealty.com/data-centers/emea/london/lon1, https://www.colo-x.com/data-centre/interxion-lon-1/","Block B, Truman;s Brewery, 11 Hanbury Street (Block B) E1 6QR, United Kingdom",Completed,2001-01-01,,,,5400.0,,,,,,,,,
