lpa_name,uprn,decision_date,application_type_full,postcode,valid_date,description,lapsed_date,decision_target_date,lpa_app_no,status,site_name,url_planning_app,development_type,decision_process,decision_agency,site_number,application_type,street_name,cil_liability,decision,application_details_building_details,application_details_site_area,application_details_non_residential_details_site_area,application_details_non_residential_details_total_non_resi_gross_internal_floor_area_to_be_lost,application_details_non_residential_details_total_gia_gained,application_details_non_residential_details_total_gia_lost,application_details_non_residential_details_total_non_resi_gross_internal_floor_area_to_be_gained,is_full_planning,uid,floorspace_details_combined
Barking & Dagenham,100101450,12/09/2018,Full planning permission,,05/02/2018,"Erection of two data centre buildings (Use Class B8), with ancillary plant, offices, gatehouse, electrical sub-stations, fuel storage, car parking, site fencing, landscaping and other associated works.",12/09/2023,07/05/2018,18/00161/FUL,Lapsed,London East Business And Technical Park,https://online-befirst.lbbd.gov.uk/planning/index.html?fa=getApplication&id=15772,Major offices-R and D-light industry,Committee,,,All Other,YEWTREE AVENUE,True,Approved,,0.0,,0.0,0.0,0.0,52797.0,True,0,"[""{'gia_existing': -1, 'superseded_date': None, 'actual_completion_date': None, 'use_class': 'B2', 'gia_gained': 0, 'actual_commencement_date': None, 'superseded_by_lpa_app_no': None, 'gia_lost': 0}"", ""{'gia_existing': 0, 'superseded_date': None, 'actual_completion_date': None, 'use_class': 'B8', 'gia_gained': 52797, 'actual_commencement_date': None, 'superseded_by_lpa_app_no': None, 'gia_lost': 0}"", nan, nan, nan, nan, nan, nan, nan, nan, nan]"
Bexley,010011862607,02/10/2023,Full planning permission,DA8 1EW,27/04/2023,"Installation of 8 new dry coolers, a generator, transformer, plant container and associated works and pond to the existing data centre.",02/10/2026,22/06/2023,23/00960/FUL,Approved,Unit 8,,,,,,All Other,Viking Way,False,Approved,,0.03,,0.0,0.0,0.0,0.0,True,12,"[""{'gia_existing': 4104, 'superseded_date': None, 'actual_completion_date': None, 'use_class': 'B8', 'gia_gained': 0, 'actual_commencement_date': None, 'superseded_by_lpa_app_no': None, 'gia_lost': 0}"", nan, nan, nan, nan, nan, nan, nan, nan, nan, nan]"
Bromley,010003628052,03/04/2020,,BR5 2UB,25/11/2019,Alterations and additions to existing building including replacement roof and wall cladding to facilitate a data/records processing/management centre (Mixed Use Class B1/B2/B8) - similar development as approved for replacement building under DC/18/03419/FULL1,03/04/2023,20/01/2020,19/04182/FULL1,Approved,Stanbridge Limited,,,Delegated,,,All Other,Cray Valley Road,False,Approved,,0.149,,,,,,True,20,"[nan, nan, nan, nan, nan, nan, nan, nan, nan, nan, nan]"
Camden,5057038,23/07/2012,Full planning permission,NW1 8QU,30/05/2012,Use of ground floor retail unit (Class A1) as an internet cafe and data-controlled administrative booking office for private hire vehicles (Sui Generis) (Retrospective).,23/07/2015,25/07/2012,2012/2752/P,Commenced,Former 4,https://planningrecords.camden.gov.uk/Northgate/PlanningExplorer/DisplayAppDetails.aspx?AppNo=2012/2752/P,Minor all other minor developments,Delegated,Borough,4,All Other,Castlehaven Road,False,Approved,"[{'no_storeys': None, 'building_ref': None}]",,0.002,26.0,26.0,26.0,26.0,True,22,"[""{'gia_existing': -1, 'superseded_date': None, 'actual_completion_date': None, 'use_class': 'A1', 'gia_gained': 0, 'actual_commencement_date': '23/07/2012', 'superseded_by_lpa_app_no': None, 'gia_lost': 26}"", ""{'gia_existing': 0, 'superseded_date': None, 'actual_completion_date': '23/07/2012', 'use_class': 'SG', 'gia_gained': 26, 'actual_commencement_date': '23/07/2012', 'superseded_by_lpa_app_no': None, 'gia_lost': 0}"", nan, nan, nan, nan, nan, nan, nan, nan, nan]"
Camden,5083689,07/02/2024,Full planning permission,WC1E 7HB,17/08/2022,"Temporary change of use for a period of up to 10 years for flexible office E(g)(i) and education F1(a) (excluding retail and other commercial units on Tottenham Court Road frontage, the data centre at basement and part ground floor levels and the UKPN substation).",07/02/2027,07/02/2024,2022/3535/P,Commenced, ,https://planningrecords.camden.gov.uk/Northgate/PlanningExplorer/DisplayAppDetails.aspx?AppNo=2022/3535/P,Major all other major developments,Delegated,Borough,1,All Other,Torrington Place,False,Approved,"[{'no_storeys': 0.0, 'max_height': 0.0, 'building_ref': '0'}]",0.4105,0.4105,0.0,0.0,0.0,0.0,True,23,"[""{'gia_existing': 10189.0, 'gia_gained': 0.0, 'use_class': 'B1a', 'actual_commencement_date': '01/09/2024', 'gia_lost': 0.0}"", ""{'gia_existing': 3507.0, 'gia_gained': 0.0, 'use_class': 'D1', 'actual_commencement_date': '01/09/2024', 'gia_lost': 0.0}"", ""{'gia_existing': 3198.0, 'gia_gained': 0.0, 'use_class': 'SpecifiedOther', 'actual_commencement_date': '01/09/2024', 'gia_lost': 0.0}"", nan, nan, nan, nan, nan, nan, nan, nan]"
Croydon,010014056602,12/04/2019,,CR0 4RR,27/02/2019,"Erection of an outbuilding to provide an external electrical switchroom for the existing data centre, installation of plant access doors, landing platform, and replacement extraction units, associated alterations",12/04/2022,24/04/2019,19/00539/FUL,Approved,"Unit 1 
35 Imperial Way
Croydon
CR0 4RR",,,Delegated,,,All Other,,False,Approved,,0.422,,0.0,,,0.0,True,24,"[nan, nan, nan, nan, nan, nan, nan, nan, nan, nan, nan]"
Ealing,000012130533,28/01/2015,,W3 0TA,07/10/2014,"Variation of condition 2 (Approved Plans), condition 16 (Cycle Spaces), condition 17 (Car Parking), Condition 23 (Energy Report) and Condition 25 (Photovoltaic Panels) to account for a minor material amendment including changes to the proposed feature cladding to the hotel, increasing the number of guest rooms from 158 to 168, a revision to the entrance area and canopy, introduction of roof top plant, introduction of clad plant boxed and minor revisions to the car park layout to planning permission P/2011/3529 dated 04/07/012 for the  Hybrid Planning Permission for the Demolition of the existing buildings on the site and full planning permission for the development of a part one/part seven storey building to create a 158 bedroom hotel (C1 use class) with a total Gross Internal Area (GIA) of 6850 square metres on the western part of the site fronting onto the A40 Western Avenue and Masons Green Lane, with associated parking, public realm improvements and landscaping. Redevelopment of remainder of the site (0.4 hectares) to provide employment uses, comprising of an indicative office (B1 use class) and associated landscaping, public realm improvements, car and cycle parking, with an approximate GIA of 1870 square metres and an indicative Data Entry Centre (B8 use) and associated landscaping, car and cycle parking with an approximate GIA of 4980 square metres located towards the rear of the site (Outline Planning Permission - Access being sought with Layout, Scale, Appearance and landscaping matters to be reserved)
",28/01/2018,26/01/2015,PP/2014/5423,Approved,628 Western Avenue,https://pam.ealing.gov.uk/online-applications/PLAN/PP/2014/5423;,Major all other major developments,Delegated,Borough,,All Other,Western Avenue,True,Approved,,,,,,,,False,40,"[nan, nan, nan, nan, nan, nan, nan, nan, nan, nan, nan]"
Ealing,000012130533,25/07/2012,,W3 0TA,18/08/2011,"Hybrid Planning Permission for the Demolition of the existing buildings on the site and full planning permission for the development of a part one/part seven storey building to create a 158 bedroom hotel (C1 use class) with a total Gross Internal Area (GIA) of 6850 square metres on the western part of the site fronting onto the A40 Western Avenue and Masons Green Lane, with associated parking, public realm improvements and landscaping. Redevelopment of remainder of the site (0.4 hectares) to provide employment uses, comprising of an indicative office (B1 use class) and associated landscaping, public realm improvements, car and cycle parking, with an approximate GIA of 1870 square metres and an indicative Data Entry Centre (B8 use) and associated landscaping, car and cycle parking with an approximate GIA of 4980 square metres located towards the rear of the site (Outline Planning Permission - Access being sought with Layout, Scale, Appearance and landscaping matters to be reserved).
",25/07/2015,17/11/2011,P/2011/3529,Approved,628 Western Avenue,https://pam.ealing.gov.uk/online-applications/PLAN/P/2011/3529;,Major all other major developments,Committee,Borough,,All Other,Western Avenue,True,Approved,,1.453,,,,,,True,45,"[nan, nan, nan, nan, nan, nan, nan, nan, nan, nan, nan]"
Ealing,12175306,13/01/2009,Full planning permission,W5 2RJ,28/08/2008,"Erection of part 5, 6 and 9 storey building with mezzanine floor and basement to form 165 bed hotel with ancillary restaurant/bar and 3434 square metres of B1(a) data centre/office accommodation; alteration to western vehicular access and closure of eastern vehicular access; provision of 39 car parking spaces (including 14 disabled spaces); cycle parking, loading bay and associated landscaping",13/01/2012,26/11/2008,P/2008/3284,Completed,22 -24 Uxbridge Road,https://pam.ealing.gov.uk/online-applications/PLAN/P/2008/3284;,Major all other major developments,Committee,Borough,22-24,All Other,Uxbridge Road,,Approved,"[{'no_storeys': None, 'building_ref': None}]",0.3410000000000001,0.33,2432.0,3434.0,1216.0,6868.0,True,46,"[""{'gia_existing': -1, 'superseded_date': None, 'actual_completion_date': '14/05/2012', 'use_class': 'B1', 'gia_gained': 3434, 'actual_commencement_date': '13/01/2009', 'superseded_by_lpa_app_no': None, 'gia_lost': 1216}"", ""{'gia_existing': -1, 'superseded_date': None, 'actual_completion_date': '14/05/2012', 'use_class': 'B1a', 'gia_gained': 3434, 'actual_commencement_date': '13/01/2009', 'superseded_by_lpa_app_no': None, 'gia_lost': 1216}"", nan, nan, nan, nan, nan, nan, nan, nan, nan]"
Ealing,000012141021,27/03/2015,,NW10 6PW,30/01/2015,Construction of 280sqm extension to existing building for use as additional data space linked to the existing building by a high level service bridge (involving the removal of 12 car parking spaces and the relocation of the existing waste compound to the eastern site boundary),27/03/2018,27/03/2015,PP/2015/0516,Approved,Unit 1,https://pam.ealing.gov.uk/online-applications/PLAN/PP/2015/0516;,Minor Offices-R and D-light industry,Delegated,Borough,,All Other,Volt Avenue,True,Approved,,,,,,,,True,58,"[nan, nan, nan, nan, nan, nan, nan, nan, nan, nan, nan]"
Ealing,000012141030,26/01/2023,Full planning permission,NW10 6PW,14/09/2022,"Provision of external tanks and pump rooms, new external pipe runs and new louvres to existing windows to east elevation; all works ancillary to operation of existing Data Centre (Retrospective Application)",26/01/2026,27/01/2023,224110OPDFUL,Approved,Units 9-12,https://pam.ealing.gov.uk/online-applications/PLAN/224110OPDFUL;,Minor general industry-storage-warehousing,Delegated,Borough,,All Other,Volt Avenue,False,Approved,,0.632,,,,,,True,80,"[nan, nan, nan, nan, nan, nan, nan, nan, nan, nan, nan]"
OPDC,,25/07/2012,Full planning permission,W3 0TA,,"Hybrid Planning Permission for the Demolition of the existing buildings on the site and full planning permission for the development of a part one/part seven storey building to create a 158 bedroom hotel (C1 use class) with a total Gross Internal Area (GIA) of 6850 square metres on the western part of the site fronting onto the A40 Western Avenue and Masons Green Lane, with associated parking, public realm improvements and landscaping. Redevelopment of remainder of the site (0.4 hectares) to provide employment uses, comprising of an indicative office (B1 use class) and associated landscaping, public realm improvements, car and cycle parking, with an approximate GIA of 1870 square metres and an indicative Data Entry Centre (B8 use) and associated landscaping, car and cycle parking with an approximate GIA of 4980 square metres located towards the rear of the site (Outline Planning Permission - Access being sought with Layout, Scale, Appearance and landscaping matters to be reserved).",25/07/2015,,P/2011/3529,Completed,628,,New Build,,Borough,628,All Other,Western Avenue,,Approved,"[{'no_storeys': None, 'building_ref': None}]",1.453,1.46,12243.0,6850.0,12243.0,8720.0,True,95,"[""{'gia_existing': 0, 'superseded_date': None, 'actual_completion_date': '10/10/2017', 'gia_gained': 1870, 'use_class': 'B1', 'actual_commencement_date': '25/08/2014', 'superseded_by_lpa_app_no': None, 'gia_lost': 0}"", ""{'gia_existing': 0, 'superseded_date': None, 'actual_completion_date': '10/10/2017', 'gia_gained': 1870, 'use_class': 'B1c', 'actual_commencement_date': '25/08/2014', 'superseded_by_lpa_app_no': None, 'gia_lost': 0}"", ""{'gia_existing': -1, 'superseded_date': None, 'actual_completion_date': '10/10/2017', 'gia_gained': 4980, 'use_class': 'B8', 'actual_commencement_date': '25/08/2014', 'superseded_by_lpa_app_no': None, 'gia_lost': 12243}"", nan, nan, nan, nan, nan, nan, nan, nan]"
Ealing,12128080,19/04/2004,Full planning permission,UB5 6AG,,"Change of use from industrial/warehouse (B2/B8) to data storage (sui generis), installation of palnt and enclosure in existing service parking yard, alterations to access, and landscaping",19/04/2009,,P/2004/0759,Completed,Titan,,Change of Use,,Borough,Titan,All Other,Rowdell Road,,Approved,"[{'no_storeys': None, 'building_ref': None}]",,1.35,7150.0,7150.0,7150.0,7150.0,True,97,"[""{'gia_existing': -1, 'superseded_date': None, 'actual_completion_date': '23/05/2006', 'gia_gained': 0, 'use_class': 'B2', 'actual_commencement_date': '01/12/2005', 'superseded_by_lpa_app_no': None, 'gia_lost': 7150}"", ""{'gia_existing': 0, 'superseded_date': None, 'actual_completion_date': '23/05/2006', 'gia_gained': 7150, 'use_class': 'SG', 'actual_commencement_date': '01/12/2005', 'superseded_by_lpa_app_no': None, 'gia_lost': 0}"", nan, nan, nan, nan, nan, nan, nan, nan, nan]"
OPDC,,07/03/2003,Full planning permission,NW10 6LU,,Change of use from storage/distribution to telecom data centre.,07/03/2008,,P/2002/1702,Completed,55,,Change of Use,,Borough,55,All Other,CHASE ROAD,,Approved,"[{'no_storeys': None, 'building_ref': None}]",,0.001,0.0,11130.0,0.0,11130.0,True,98,"[""{'gia_existing': -1, 'superseded_date': None, 'actual_completion_date': '31/12/2004', 'gia_gained': 11130, 'use_class': 'SG', 'actual_commencement_date': '31/03/2004', 'superseded_by_lpa_app_no': None, 'gia_lost': 0}"", nan, nan, nan, nan, nan, nan, nan, nan, nan, nan]"
OPDC,,10/12/2010,Full planning permission,NW10 6PW,,"Change of use of Unit 2 from Storage & Distribution Centre (Use Class B8) to Data Storage Centre (Sui Generis); installation of new internal mezzanine floor, extensions to Unit 1 to create plant and cooling equipment, expansion plant, new curved roof to Unit 2, new offices, delivery block, bridged link between Units 1 & 2, new sub-station building to northern boundary and security fencing",10/12/2013,,PP/2010/3463,Completed,Units 1 & 2 Powergate Business Park,,Change of Use,,Borough,Units 1 & 2 Powergate Business Park,All Other,Volt Avenue,,Approved,"[{'no_storeys': None, 'building_ref': None}]",2.064,3.21,19022.0,31847.0,19022.0,31847.0,True,99,"[""{'gia_existing': -1, 'superseded_date': None, 'actual_completion_date': '01/04/2012', 'gia_gained': 0, 'use_class': 'B8', 'actual_commencement_date': '23/12/2010', 'superseded_by_lpa_app_no': None, 'gia_lost': 19022}"", ""{'gia_existing': 0, 'superseded_date': None, 'actual_completion_date': '01/04/2012', 'gia_gained': 31847, 'use_class': 'SG', 'actual_commencement_date': '23/12/2010', 'superseded_by_lpa_app_no': None, 'gia_lost': 0}"", nan, nan, nan, nan, nan, nan, nan, nan, nan]"
OPDC,,29/07/2008,Full planning permission,NW10 7ST,,"Installation of generators, chillers, transformers, pump room, fuel tank and electricity substation and formation of refuse storage area within car park and yard of warehouse and erection of replacement and new fencing in conjunction with the use of the warehouse as a data centre (sui-generis use)",29/07/2011,,P/2008/1739,Lapsed,309,,Change of Use,,Borough,309,All Other,Elveden Road,,Approved,"[{'no_storeys': None, 'building_ref': None}]",0.632,0.63,3250.0,4750.0,3250.0,4750.0,True,104,"[""{'gia_existing': -1, 'superseded_date': None, 'actual_completion_date': None, 'gia_gained': 0, 'use_class': 'B8', 'actual_commencement_date': None, 'superseded_by_lpa_app_no': None, 'gia_lost': 3250}"", ""{'gia_existing': 0, 'superseded_date': None, 'actual_completion_date': None, 'gia_gained': 4750, 'use_class': 'SG', 'actual_commencement_date': None, 'superseded_by_lpa_app_no': None, 'gia_lost': 0}"", nan, nan, nan, nan, nan, nan, nan, nan, nan]"
Ealing,,10/08/2011,Full planning permission,UB6 7RL,,"Construction of building to be used as data centre (Use Class Sui-Generis)  with ancillary car parking, substation and switch building, refuse storage, landscaping works and plant area (following demolition of existing buildings)",10/08/2014,,P/2011/2000,Lapsed,Unit 1 & 2 Perivale Industrial Park,,New Build,,Borough,Unit 1 & 2 Perivale Industrial Park,All Other,Horsenden Lane South,,Approved,"[{'no_storeys': None, 'building_ref': None}]",0.002,0.774,7829.0,2775.0,6707.0,2775.0,True,107,"[""{'gia_existing': -1, 'superseded_date': None, 'actual_completion_date': None, 'gia_gained': 0, 'use_class': 'B1', 'actual_commencement_date': None, 'superseded_by_lpa_app_no': None, 'gia_lost': 1122}"", ""{'gia_existing': -1, 'superseded_date': None, 'actual_completion_date': None, 'gia_gained': 0, 'use_class': 'B1c', 'actual_commencement_date': None, 'superseded_by_lpa_app_no': None, 'gia_lost': 1122}"", ""{'gia_existing': -1, 'superseded_date': None, 'actual_completion_date': None, 'gia_gained': 0, 'use_class': 'B8', 'actual_commencement_date': None, 'superseded_by_lpa_app_no': None, 'gia_lost': 5585}"", ""{'gia_existing': 0, 'superseded_date': None, 'actual_completion_date': None, 'gia_gained': 2775, 'use_class': 'SG', 'actual_commencement_date': None, 'superseded_by_lpa_app_no': None, 'gia_lost': 0}"", nan, nan, nan, nan, nan, nan, nan]"
OPDC,,27/03/2015,Full planning permission,NW10 6PW,,Construction of 280sqm extension to existing building for use as additional data space linked to the existing building by a high level service bridge (involving the removal of 12 car parking spaces and the relocation of the existing waste compound to the eastern site boundary),27/03/2018,,PP/2015/0516,Commenced,Powergate Business Park,,New Build,,Borough,Powergate Business Park,All Other,Volt Avenue,,Approved,"[{'no_storeys': None, 'building_ref': None}]",0.915,0.89,0.0,280.0,0.0,560.0,True,108,"[""{'gia_existing': -1, 'superseded_date': None, 'actual_completion_date': None, 'gia_gained': 280, 'use_class': 'B1', 'actual_commencement_date': '18/01/2016', 'superseded_by_lpa_app_no': None, 'gia_lost': 0}"", ""{'gia_existing': -1, 'superseded_date': None, 'actual_completion_date': None, 'gia_gained': 280, 'use_class': 'B1c', 'actual_commencement_date': '18/01/2016', 'superseded_by_lpa_app_no': None, 'gia_lost': 0}"", nan, nan, nan, nan, nan, nan, nan, nan, nan]"
Ealing,000012160167,,Full planning permission,UB2 5LF,07/03/2025,"Site clearance and preparation, including demolition of all existing buildings on site and redevelopment of the site to provide: Construction of four data centre units within three buildings of approximately 67.9m AOD in height (Use Class B8, approximately 158,702sqm GEA), four industrial buildings ranging from approximately 41.3m to 46.2m AOD in height (Use Classes B8, B2 and E(g)(iii), approximately 23,389 GEA), central pavilion building of approximately 35m AOD in height (Use Class E(b), approximately 223 GEA), two substations (38.05m AOD in height), associated plant, enclosures and necessary physical security systems, internal roads, servicing, circulation, car and cycle parking and hard and soft landscaping works.  This application is accompanied by an Environmental Statement for the purposes of Environmental Impact Assessment under The Town and Country Planning (Environmental Impact Assessment) Regulations 2017 (as amended).",,06/06/2025,250949FUL,,International Trading Estate,,,,,,All Other,Trident Way,False,,"[{'no_storeys': 4, 'max_height': 37.4, 'building_ref': 'Data Centres'}, {'no_storeys': 1, 'max_height': 4.6, 'building_ref': 'Security Guardhouse'}, {'no_storeys': 1, 'max_height': 7.55, 'building_ref': 'Substation Enclosure'}, {'no_storeys': 1, 'max_height': 6, 'building_ref': 'Sprinkler Tanks'}, {'no_storeys': 3, 'max_height': 15.5, 'building_ref': 'Industrial Plot A (Union Works)'}, {'no_storeys': 2, 'max_height': 11.3, 'building_ref': 'Industrial Plot B (Boat Yard)'}, {'no_storeys': 2, 'max_height': 15.3, 'building_ref': 'Industrial Plot C (Jam Factory)'}, {'no_storeys': 1, 'max_height': 4.9, 'building_ref': 'Pavilion Buildings'}, {'no_storeys': 1, 'max_height': 5, 'building_ref': 'District Heating Network/ LV Plant Enclosure'}]",0.309,,0.0,179785.0,82756.3,157729.0,True,114,"[""{'gia_existing': 82756.3, 'gia_gained': 21863, 'use_class': 'SpecifiedOther', 'gia_lost': 82756.3}"", ""{'gia_existing': 0, 'gia_gained': 193, 'use_class': 'EB', 'gia_lost': 0}"", ""{'gia_existing': 0, 'gia_gained': 157729, 'use_class': 'B8', 'gia_lost': 0}"", nan, nan, nan, nan, nan, nan, nan, nan]"
Enfield,,04/09/2001,Full planning permission,EN3,,Redevelopment of site by the demolition of existing industrial unit and erection of a data centre.,04/09/2006,,TP001640,Completed,59,,New Build,,Borough,59,All Other,LOCKFIELD AVENUE,,Approved,"[{'no_storeys': None, 'building_ref': None}]",0.222,0.001,2075.0,4562.0,2075.0,4562.0,True,118,"[""{'gia_existing': -1, 'superseded_date': None, 'actual_completion_date': '28/02/2002', 'gia_gained': 0, 'use_class': 'B2', 'actual_commencement_date': '31/12/2001', 'superseded_by_lpa_app_no': None, 'gia_lost': 2075}"", ""{'gia_existing': 0, 'superseded_date': None, 'actual_completion_date': '28/02/2002', 'gia_gained': 4562, 'use_class': 'SG', 'actual_commencement_date': '31/12/2001', 'superseded_by_lpa_app_no': None, 'gia_lost': 0}"", nan, nan, nan, nan, nan, nan, nan, nan, nan]"
Greenwich,10010220020,05/03/2024,Full planning permission,,25/10/2023,"Temporary planning permission is sought for a period of five (5) years for the change of use of an existing warehouse from a data centre (Use Class B8)ÿ to a laundry facility (Use Class B2) to include the removal of ventilation units, installation of a water storage unit, full refurbishment of the interior fit out, installation of new windows to northern facade for proposed office space, ventilation flues for boiler units and associated cycle parking",,15/01/2024,23/2981/F,Withdrawn,"ANCHORAGE POINT, 90 ANCHOR AND HOPE LANE, CHARLTON, SE7 7SQ",https://planning.royalgreenwich.gov.uk/online-applications/applicationDetails.do?activeTab=summary&keyVal=_GRNW_DCAPR_117441&activeTab=summary,,,,,All Other,,False,Withdrawn,,0.489,,0.0,0.0,0.0,0.0,True,122,"[""{'gia_existing': 2295, 'superseded_date': None, 'actual_completion_date': None, 'gia_gained': 0, 'use_class': 'B2', 'actual_commencement_date': None, 'superseded_by_lpa_app_no': None, 'gia_lost': 0}"", nan, nan, nan, nan, nan, nan, nan, nan, nan, nan]"
LLDC,,20/03/2014,Full planning permission,E9,,"13/00534/FUM: Modification and changes of use to the International Broadcast Centre (IBC) (including retention of the Gantry on Waterden Road) to provide flexible business/studio floorspace (Class B1), data centre (Class B8), education space (Class D1); creation of new floorspace in the Gantry for flexible uses (Classes B1/A1, A3, A4, A5); creation of mezzanines (Classes B1 and B8); retention of the Main Media Conference Room (MMCR) to provide a conference space (Class D2); retention of bridge structures; external alterations to the buildings; use of up to 307 spaces in the Multi Storey Car Park (MSCP) to serve the IBC and MMCR;  cycle parking; landscape and public realm; use of central open space, including events; pedestrian and vehicular access; servicing; minor highway works within the application boundary; installation of plant and equipment; and associated works.   13/00536/COU: Modification of the Main Press Centre comprising: external alterations to the building; introduction of retail canopies; changes of use of parts of the building from use classes B1(a), B1(b), B1(c), B2 or B8 to conference space (Class D2) and for retail uses (Class A1, A3, A4, A5); servicing, pedestrian and vehicular access; and associated works.",20/03/2017,,13/00534/FUM/13/00536/COU,Completed,,,Change of Use,,London Legacy Development Corporation,,All Other,Waterden Road,,Approved,"[{'no_storeys': None, 'building_ref': None}]",8.194,11.57,92305.0,115755.0,92305.0,164990.0,True,125,"[""{'gia_existing': 0, 'superseded_date': None, 'actual_completion_date': '10/10/2016', 'gia_gained': 1576, 'use_class': 'A1', 'actual_commencement_date': '20/08/2014', 'superseded_by_lpa_app_no': None, 'gia_lost': 0}"", ""{'gia_existing': 0, 'superseded_date': None, 'actual_completion_date': '10/10/2016', 'gia_gained': 1576, 'use_class': 'A3', 'actual_commencement_date': '20/08/2014', 'superseded_by_lpa_app_no': None, 'gia_lost': 0}"", ""{'gia_existing': 0, 'superseded_date': None, 'actual_completion_date': '10/10/2016', 'gia_gained': 1576, 'use_class': 'A4', 'actual_commencement_date': '20/08/2014', 'superseded_by_lpa_app_no': None, 'gia_lost': 0}"", ""{'gia_existing': 0, 'superseded_date': None, 'actual_completion_date': '10/10/2016', 'gia_gained': 1576, 'use_class': 'A5', 'actual_commencement_date': '20/08/2014', 'superseded_by_lpa_app_no': None, 'gia_lost': 0}"", ""{'gia_existing': 0, 'superseded_date': None, 'actual_completion_date': '10/10/2016', 'gia_gained': 49235, 'use_class': 'B1', 'actual_commencement_date': '20/08/2014', 'superseded_by_lpa_app_no': None, 'gia_lost': 0}"", ""{'gia_existing': 0, 'superseded_date': None, 'actual_completion_date': '10/10/2016', 'gia_gained': 24617, 'use_class': 'B1a', 'actual_commencement_date': '20/08/2014', 'superseded_by_lpa_app_no': None, 'gia_lost': 0}"", ""{'gia_existing': 0, 'superseded_date': None, 'actual_completion_date': '10/10/2016', 'gia_gained': 24618, 'use_class': 'B1b', 'actual_commencement_date': '20/08/2014', 'superseded_by_lpa_app_no': None, 'gia_lost': 0}"", ""{'gia_existing': 0, 'superseded_date': None, 'actual_completion_date': '10/10/2016', 'gia_gained': 36244, 'use_class': 'B8', 'actual_commencement_date': '20/08/2014', 'superseded_by_lpa_app_no': None, 'gia_lost': 0}"", ""{'gia_existing': 0, 'superseded_date': None, 'actual_completion_date': '10/10/2016', 'gia_gained': 9043, 'use_class': 'D1', 'actual_commencement_date': '20/08/2014', 'superseded_by_lpa_app_no': None, 'gia_lost': 0}"", ""{'gia_existing': 0, 'superseded_date': None, 'actual_completion_date': '10/10/2016', 'gia_gained': 3420, 'use_class': 'D2', 'actual_commencement_date': '20/08/2014', 'superseded_by_lpa_app_no': None, 'gia_lost': 0}"", ""{'gia_existing': -1, 'superseded_date': None, 'actual_completion_date': '10/10/2016', 'gia_gained': 11509, 'use_class': 'SG', 'actual_commencement_date': '20/08/2014', 'superseded_by_lpa_app_no': None, 'gia_lost': 92305}""]"
Havering,,06/10/2023,Full planning permission,RM7 7PN,11/08/2023,Change of use of building from manufacturing to plant and machinery facility ancillary to the main data centre use and associated external alterations.,06/10/2026,06/10/2023,P1251.23,Approved,"3 King George Close, Romford",http://development.havering.gov.uk/OcellaWeb/planningDetails?reference=P1251.23,,Delegated,Borough,,All Other,London,False,Approved,,0.544,,0.0,31.5,0.0,31.5,True,130,"[""{'gia_existing': 460, 'use_class': 'B8', 'gia_gained': 31.5, 'gia_lost': 0}"", nan, nan, nan, nan, nan, nan, nan, nan, nan, nan]"
Havering,10091577711,14/01/2021,,RM7 7PN,05/05/2020,New data storage development consisting of new data storage warehouse and new emergency  energy centre building P1137.11 (Condition 4),14/01/2024,15/01/2021,P0614.20,Approved,5 King George Close,http://development.havering.gov.uk/OcellaWeb/planningDetails?reference=P0614.20,,Delegated,Borough,,All Other,Romford,False,Approved,,1.598,,0.0,,,0.0,True,132,"[nan, nan, nan, nan, nan, nan, nan, nan, nan, nan, nan]"
Havering,,23/01/2012,Full planning permission,RM7 7PN,,New data storage development consisting of new data storage warehouse and new emergency energy centre building.,23/01/2015,,P1137.11,Lapsed,Former Hubbinet Industrial Estate,,New Build,,Borough,Former Hubbinet Industrial Estate,All Other,King George Close,,Approved,"[{'no_storeys': None, 'building_ref': None}]",1.552,1.553,15300.0,11585.0,15300.0,12540.0,True,134,"[""{'gia_existing': 0, 'superseded_date': None, 'actual_completion_date': None, 'gia_gained': 955, 'use_class': 'B1', 'actual_commencement_date': None, 'superseded_by_lpa_app_no': None, 'gia_lost': 0}"", ""{'gia_existing': 0, 'superseded_date': None, 'actual_completion_date': None, 'gia_gained': 955, 'use_class': 'B1a', 'actual_commencement_date': None, 'superseded_by_lpa_app_no': None, 'gia_lost': 0}"", ""{'gia_existing': -1, 'superseded_date': None, 'actual_completion_date': None, 'gia_gained': 0, 'use_class': 'B2', 'actual_commencement_date': None, 'superseded_by_lpa_app_no': None, 'gia_lost': 15300}"", ""{'gia_existing': 0, 'superseded_date': None, 'actual_completion_date': None, 'gia_gained': 10630, 'use_class': 'SG', 'actual_commencement_date': None, 'superseded_by_lpa_app_no': None, 'gia_lost': 0}"", nan, nan, nan, nan, nan, nan, nan]"
Havering,10096015992,26/11/2025,Full planning permission,RM7 7PN,17/09/2025,Erection of a rear extension to the existing data centre to provide a goods lift and modular loading bay,26/11/2028,26/11/2025,P1169.25,Approved,3 King George Close,http://development.havering.gov.uk/OcellaWeb/planningDetails?reference=P1169.25,,Delegated,Borough,,All Other,Romford,False,Approved,,0.59,,0.0,292.5,0.0,292.5,True,136,"[""{'gia_existing': 0, 'use_class': 'B8', 'gia_gained': 292.5, 'gia_lost': 0}"", nan, nan, nan, nan, nan, nan, nan, nan, nan, nan]"
Hillingdon,,26/04/2022,Full planning permission,,10/11/2021,"Redevelopment of the site to deliver data centre campus including: two data centre buildings (Use Class B8); associated energy and electricity infrastructure, buildings, and plant; security gatehouse, systems and enclosures; works to the highway, car parking and cycle parking; hard and soft landscaping; as well as associated infrastructure, ancillary office use, and associated external works.",26/04/2025,17/06/2022,38421/APP/2021/4045,Approved,LAND AT TUDOR WORKS,http://planning.hillingdon.gov.uk/OcellaWeb/planningDetails?reference=38421/APP/2021/4045,,Committee,Borough,,All Other,BEACONSFIELD ROAD,True,Approved,"[{'no_storeys': 5, 'max_height': 35.6, 'building_ref': 'Building 1'}, {'no_storeys': 5, 'max_height': 35.6, 'building_ref': 'Building 2'}, {'no_storeys': 2, 'max_height': 15.65, 'building_ref': 'Sub Station'}, {'no_storeys': 1, 'max_height': 3, 'building_ref': 'Gate House'}, {'no_storeys': 1, 'max_height': 7, 'building_ref': 'Tank Room'}]",2.229,,13530.0,38355.0,13530.0,38355.0,True,138,"[""{'gia_existing': 7245, 'superseded_date': None, 'actual_completion_date': None, 'use_class': 'B2', 'gia_gained': 0, 'actual_commencement_date': None, 'superseded_by_lpa_app_no': None, 'gia_lost': 7245}"", ""{'gia_existing': 6285, 'superseded_date': None, 'actual_completion_date': None, 'use_class': 'B8', 'gia_gained': 38355, 'actual_commencement_date': None, 'superseded_by_lpa_app_no': None, 'gia_lost': 6285}"", nan, nan, nan, nan, nan, nan, nan, nan, nan]"
Hillingdon,,20/12/2022,Full planning permission,UB7 9FN,10/02/2022,"Installation of plant and equipment to unit DC6 including external plant equipment, external louvres and associated security fencing and landscaping, to facilitate use of the building as a data centre.",20/12/2025,12/08/2022,18399/APP/2022/411,Approved,UNIT D PROLOGIS PARK,http://planning.hillingdon.gov.uk/OcellaWeb/planningDetails?reference=18399/APP/2022/411,,Committee,Borough,,All Other,STOCKLEY ROAD,False,Approved,"[{'no_storeys': 1, 'max_height': 12.5, 'building_ref': 'Plant and equipment'}]",1.975,,0.0,0.0,0.0,0.0,True,273,"[""{'gia_existing': 9466, 'superseded_date': None, 'actual_completion_date': None, 'use_class': 'B8', 'gia_gained': 0, 'actual_commencement_date': None, 'superseded_by_lpa_app_no': None, 'gia_lost': 0}"", nan, nan, nan, nan, nan, nan, nan, nan, nan, nan]"
Hillingdon,,13/10/2020,Full planning permission,UB3 4QQ,24/06/2020,"Site clearance and preparation, including the demolition of remaining buildings, and the redevelopment of the site to provide: a new data centre (Use Class B8), two MV Energy Centres (including stand-by generation plant and gas storage), a HV Sub-Station, a visitor reception centre, plant, the creation of a new footpath and cycleway link to the canal towpath, works to the highway, car parking, cycle parking, associated infrastructure, enclosures and necessary physical security systems, hard and soft landscaping (including works to the River Crane) and ancillary uses, as well as associated external works.",13/10/2023,15/04/2021,75111/APP/2020/1955,Commenced,Land at Bulls Bridge Industrial Estate,http://planning.hillingdon.gov.uk/OcellaWeb/planningDetails?reference=75111/APP/2020/1955,New Build,Committee,Borough,,All Other,NORTH HYDE GARDENS,True,Approved,,5.456,5.35,800.0,,,62926.0,True,312,"[""{'gia_existing': 0, 'superseded_date': None, 'actual_completion_date': None, 'use_class': 'B8', 'gia_gained': 62926, 'actual_commencement_date': '04/02/2021', 'superseded_by_lpa_app_no': None, 'gia_lost': 0}"", ""{'gia_existing': 800, 'superseded_date': None, 'actual_completion_date': None, 'use_class': 'B2', 'gia_gained': 0, 'actual_commencement_date': '04/02/2021', 'superseded_by_lpa_app_no': None, 'gia_lost': 800}"", nan, nan, nan, nan, nan, nan, nan, nan, nan]"
Hillingdon,,19/03/2025,Full planning permission,,08/01/2025,Redevelopment of the site to deliver a substation in connection with the permitted and emerging Data Centre Campus.,19/03/2028,21/03/2025,71554/APP/2025/47,Approved,UNIT 1 HEATHROW INTERCHANGE,http://planning.hillingdon.gov.uk/OcellaWeb/planningDetails?reference=71554/APP/2025/47,,Delegated,Borough,,All Other,BULLSBROOK ROAD,True,Approved,"[{'no_storeys': 2, 'max_height': 12.41, 'building_ref': 'Control Room'}, {'no_storeys': 1, 'max_height': 9.1, 'building_ref': 'Transformer Block'}]",0.385055,,2200.0,240.0,2200.0,240.0,True,324,"[""{'gia_existing': 2200, 'gia_gained': 0, 'use_class': 'B8', 'gia_lost': 2200}"", ""{'gia_existing': 0, 'gia_gained': 240, 'use_class': 'SG', 'gia_lost': 0}"", nan, nan, nan, nan, nan, nan, nan, nan, nan]"
Hillingdon,,30/01/2007,Full planning permission,UB11,,"ERECTION OF A DATA CENTRE WITH ANCILLARY PLANT INCLUDING A SUBSTATION, CAR PARKING, LANDSCAPING AND ASSOCIATED ANCILLARY WORKS.",30/01/2010,,37977/APP/2006/795,Lapsed,"PLOT 3, STOCKLEY PARK (PHASE 3)",,New Build,,Borough,"PLOT 3, STOCKLEY PARK (PHASE 3)",All Other,HORTON ROAD,,Approved,"[{'no_storeys': None, 'max_height': None, 'building_ref': None}]",1.321,1.36,0.0,18135.0,0.0,18135.0,True,325,"[""{'gia_existing': -1, 'superseded_date': None, 'actual_completion_date': None, 'gia_gained': 0, 'use_class': 'B8', 'actual_commencement_date': None, 'superseded_by_lpa_app_no': None, 'gia_lost': 0}"", ""{'gia_existing': 0, 'superseded_date': None, 'actual_completion_date': None, 'gia_gained': 18135, 'use_class': 'SG', 'actual_commencement_date': None, 'superseded_by_lpa_app_no': None, 'gia_lost': 0}"", nan, nan, nan, nan, nan, nan, nan, nan, nan]"
Hillingdon,,28/06/2018,Full planning permission,UB3 4QG,,"Part demolition of existing factory buildings and associated structures, and redevelopment to provide 1,386 dwellings (Use Class C3). office, retail, community and leisure uses (Use Class A1/A3/A4/B1/B8/D1/D2), 22,663sq.m (GEA) of commercial floorspace (Use Classes B1c/B2/B8 and Data Centre (sui generis)), amenity and playspace, landscaping, allotments, access, service yards, associated car parking and other engineering works.",28/06/2021,,1331/APP/2017/1883,Superseded,Former Nestle Factory,,New Build,,Borough,Former Nestle Factory,All Other,Nestles Avenue,,Approved,"[{'no_storeys': 11, 'building_ref': None}]",12.299,5.1,91000.0,74655.0,91000.0,98429.0,True,331,"[""{'gia_existing': 0, 'superseded_date': '09/03/2020', 'actual_completion_date': None, 'gia_gained': 1111, 'use_class': 'A1', 'actual_commencement_date': '10/12/2018', 'superseded_by_lpa_app_no': '1331/APP/2019/1708', 'gia_lost': 0}"", ""{'gia_existing': 0, 'superseded_date': '09/03/2020', 'actual_completion_date': None, 'gia_gained': 1111, 'use_class': 'A2', 'actual_commencement_date': '10/12/2018', 'superseded_by_lpa_app_no': '1331/APP/2019/1708', 'gia_lost': 0}"", ""{'gia_existing': 0, 'superseded_date': '09/03/2020', 'actual_completion_date': None, 'gia_gained': 1111, 'use_class': 'A3', 'actual_commencement_date': '10/12/2018', 'superseded_by_lpa_app_no': '1331/APP/2019/1708', 'gia_lost': 0}"", ""{'gia_existing': 0, 'superseded_date': '09/03/2020', 'actual_completion_date': None, 'gia_gained': 23774, 'use_class': 'B1', 'actual_commencement_date': '10/12/2018', 'superseded_by_lpa_app_no': '1331/APP/2019/1708', 'gia_lost': 0}"", ""{'gia_existing': 0, 'superseded_date': '09/03/2020', 'actual_completion_date': None, 'gia_gained': 1111, 'use_class': 'B1a', 'actual_commencement_date': '10/12/2018', 'superseded_by_lpa_app_no': '1331/APP/2019/1708', 'gia_lost': 0}"", ""{'gia_existing': 0, 'superseded_date': '09/03/2020', 'actual_completion_date': None, 'gia_gained': 22663, 'use_class': 'B1c', 'actual_commencement_date': '10/12/2018', 'superseded_by_lpa_app_no': '1331/APP/2019/1708', 'gia_lost': 0}"", ""{'gia_existing': -1, 'superseded_date': '09/03/2020', 'actual_completion_date': None, 'gia_gained': 22663, 'use_class': 'B2', 'actual_commencement_date': '10/12/2018', 'superseded_by_lpa_app_no': '1331/APP/2019/1708', 'gia_lost': 91000}"", ""{'gia_existing': 0, 'superseded_date': '09/03/2020', 'actual_completion_date': None, 'gia_gained': 22663, 'use_class': 'B8', 'actual_commencement_date': '10/12/2018', 'superseded_by_lpa_app_no': '1331/APP/2019/1708', 'gia_lost': 0}"", ""{'gia_existing': 0, 'superseded_date': '09/03/2020', 'actual_completion_date': None, 'gia_gained': 1111, 'use_class': 'D1', 'actual_commencement_date': '10/12/2018', 'superseded_by_lpa_app_no': '1331/APP/2019/1708', 'gia_lost': 0}"", ""{'gia_existing': 0, 'superseded_date': '09/03/2020', 'actual_completion_date': None, 'gia_gained': 1111, 'use_class': 'D2', 'actual_commencement_date': '10/12/2018', 'superseded_by_lpa_app_no': '1331/APP/2019/1708', 'gia_lost': 0}"", nan]"
Hillingdon,,,Full planning permission,UB3 4QQ,02/04/2025,"Redevelopment of site to deliver extension to existing Union Park data centre campus consisting of (a) free standing data centre building; (b) energy, power, and water infrastructure; (c) site access and internal roads; (d) site security arrangements; (e) hard and soft, green landscaping; and (f) other ancillary and auxiliary forms of development.",,30/01/2026,75111/APP/2025/739,Application Under Consideration,Union Park UP4,http://planning.hillingdon.gov.uk/OcellaWeb/planningDetails?reference=75111/APP/2025/739,,Committee,Borough,,All Other,NORTH HYDE GARDENS,True,Approved,"[{'no_storeys': 4, 'max_height': 35, 'building_ref': 'Data Centre Building (UP4)'}, {'no_storeys': 3, 'max_height': 28, 'building_ref': 'Energy Centre (EC4)'}]",0.907,,0.0,15410.0,0.0,15410.0,True,341,"[""{'gia_existing': 3500, 'use_class': 'SG', 'gia_gained': 15410, 'gia_lost': 0}"", nan, nan, nan, nan, nan, nan, nan, nan, nan, nan]"
Hillingdon,,,Full planning permission,UB4 0RH,28/03/2025,"Hybrid planning application for a four-phased redevelopment to deliver a data centre campus comprising of:
Phase 1 - Full planning permission for (a) a data centre building; (b) energy, power, and water infrastructure; (c) site access and internal roads including a vehicular and pedestrian link between Uxbridge Road and Bullsbrook Road; (d) site security arrangements and security fencing; (e) hard and soft, green and blue, infrastructure; and (f) other ancillary and auxiliary forms of development;
Phase 2 - Outline planning permission for (a) an Innovation Hub; (b) hard and soft, green and blue, infrastructure; and (c) other ancillary and auxiliary forms of development (all matters reserved);
Phase 3 - Outline planning permission for (a) a data centre building; (b) energy, power, and water infrastructure; (c) internal roads; (d) site security arrangements and security fencing; (e) hard and soft, green and blue, infrastructure; and (f) other ancillary and auxiliary forms of development (all matters reserved); and
Phase 4 - Outline planning permission for (a) a data centre building; (b) energy, power, and water infrastructure; (c) internal roads; (d) site security arrangements and security fencing; (e) hard and soft, green and blue, infrastructure; and (f) other ancillary and auxiliary forms of development (all matters reserved).",,30/01/2026,78343/APP/2025/719,Application Under Consideration,Hayes Bridge Retail Park and Heathrow Interchange,http://planning.hillingdon.gov.uk/OcellaWeb/planningDetails?reference=78343/APP/2025/719,,Committee,Borough,,All Other,UXBRIDGE ROAD,True,Approved,"[{'no_storeys': 6, 'max_height': 41.6, 'building_ref': 'LON6'}]",1.8,,0.0,24114.0,9321.0,24114.0,True,350,"[""{'gia_existing': 9321, 'use_class': 'EA', 'gia_gained': 0, 'gia_lost': 9321}"", ""{'gia_existing': 0, 'use_class': 'B8', 'gia_gained': 24114, 'gia_lost': 0}"", nan, nan, nan, nan, nan, nan, nan, nan, nan]"
Hillingdon,,,Full planning permission,,01/11/2024,"Demolition of the existing building and structures on site, and all other associated site clearance works. Construction of a data centre building (Class B8) with plant at roof level with an emergency generator (1no.) and associated flue (provided within an external compound adjoining the data centre building), sprinkler tank and pumphouse, security guard house, and provision of one kiosk substation and MV Building. The development also comprises the construction of a new access and internal road and circulation areas, footpaths, provision of car and bicycle parking, hard and soft landscaping and other associated works and ancillary site infrastructure.",,05/12/2025,49261/APP/2024/2904,Application Under Consideration,"UNIT 4, SILVERDALE INDUSTRIAL ESTATE",http://planning.hillingdon.gov.uk/OcellaWeb/planningDetails?reference=49261/APP/2024/2904,,Committee,Borough,,All Other,SILVERDALE ROAD,True,Approved,"[{'no_storeys': 2, 'max_height': 16, 'building_ref': 'Data Centre (maximum height to plant/lift over-run)'}]",0.44,,2278.45,1656.7,2278.45,1656.7,True,354,"[""{'gia_existing': 2278.45, 'use_class': 'B8', 'gia_gained': 1656.7, 'gia_lost': 2278.45}"", nan, nan, nan, nan, nan, nan, nan, nan, nan, nan]"
Hounslow,,09/09/2020,,,30/06/2020,"Site clearance and preparation, including the demolition of remaining buildings, and the redevelopment of the site to provide: a new data centre (Use Class B8), two MV Energy Centres (including stand-by generation plant and gas storage), a HV Sub-Station, a visitor reception centre, plant, the creation of a new footpath and cycleway link to the canal towpath, works to the highway, car parking, cycle parking, associated infrastructure, enclosures and necessary physical security systems, hard and soft landscaping (including works to the River Crane) and ancillary uses, as well as associated external works.",09/09/2023,27/07/2020,C/2020/2124,No Objection to Proposal (OBS only),LAND AT,https://planningandbuilding.hounslow.gov.uk/NECSWS/ES/Presentation/Planning/OnlinePlanning/OnlinePlanningOverview?applicationNumber=C/2020/2124,Notifications,Delegated,Borough,BULLS BRIDGE INDUSTRIAL ESTATE,All Other,,False,No Objection to Proposal (OBS only),,,,,,,,True,364,"[nan, nan, nan, nan, nan, nan, nan, nan, nan, nan, nan]"
Hounslow,,,,,19/03/2025,"Site clearance and preparation, including demolition of all existing buildings on site and redevelopment of the site to provide: Construction of four data centre units within three buildings of approximately 67.9m AOD in height (Use Class B8, approximately 158,702sqm GEA), four industrial buildings ranging from approximately 41.3m to 46.2m AOD in height (Use Classes B8, B2 and E(g)(iii), approximately 23,389 GEA), central pavilion building of approximately 35m AOD in height (Use Class E(b), approximately 223 GEA), two substations (38.05m AOD in height), associated plant, enclosures and necessary physical security systems, internal roads, servicing, circulation, car and cycle parking and hard and soft landscaping works. This application is accompanied by an
Environmental Statement for the purposes of Environmental Impact Assessment under The Town and Country Planning (Environmental Impact Assessment) Regulations 2017 (as amended).",,09/04/2025,C/2025/0873,Application Received,,https://planningandbuilding.hounslow.gov.uk/NECSWS/ES/Presentation/Planning/OnlinePlanning/OnlinePlanningOverview?applicationNumber=C/2025/0873,Notifications,Delegated,Borough,,All Other,,False,,,,,,,,,True,368,"[nan, nan, nan, nan, nan, nan, nan, nan, nan, nan, nan]"
Hounslow,,19/11/1996,,,02/08/1996,"Erection of 2 storey data building comprising computer hall,servicing area, ancillary storage, workshop and office and a 3 storey plantbuilding to house power and coaling equipment.",19/11/2001,27/09/1996,P/1996/1530,Approved,,https://planningandbuilding.hounslow.gov.uk/NECSWS/ES/Presentation/Planning/OnlinePlanning/OnlinePlanningOverview?applicationNumber=P/1996/1530,Minor retail and service,Committee,Borough,,All Other,,False,Approved,,,,,,,,True,373,"[nan, nan, nan, nan, nan, nan, nan, nan, nan, nan, nan]"
Hounslow,200003992262,23/02/2017,Full planning permission,UB2 5YG,01/03/2016,Change of use from mixed use (B1/B2/B8) of three units to a single unit in B8 use. Building to be used as a data storage centre with ancillary office accommodation. Addition of cladding and plant and equipment to elevations.,23/02/2020,31/05/2016,P/2016/0971,Lapsed,Unit 7,https://planningandbuilding.hounslow.gov.uk/NECSWS/ES/Presentation/Planning/OnlinePlanning/OnlinePlanningOverview?applicationNumber=P/2016/0971,Minor Offices-R and D-light industry,Delegated,Borough,Units 7-9 Trade City,All Other,Christopher Road,False,Approved,"[{'no_storeys': None, 'max_height': None, 'building_ref': None}, {'no_storeys': None, 'max_height': None, 'building_ref': None}]",,0.36,4984.0,3455.0,2492.0,6910.0,True,374,"[""{'gia_existing': -1, 'superseded_date': None, 'actual_completion_date': None, 'gia_gained': 3455, 'use_class': 'B8', 'actual_commencement_date': None, 'superseded_by_lpa_app_no': None, 'gia_lost': 2492}"", ""{'gia_existing': -1, 'superseded_date': None, 'actual_completion_date': None, 'gia_gained': 3455, 'use_class': 'B8', 'actual_commencement_date': None, 'superseded_by_lpa_app_no': None, 'gia_lost': 2492}"", nan, nan, nan, nan, nan, nan, nan, nan, nan]"
Hounslow,100023518245,29/03/2012,Full planning permission,UB2 5XU,,"Erection of a 15,893 sq m, three storey data centre warehouse with associated parking, single storey gatehouse, new access road, and access onto Hayes Road",29/03/2015,,P/2011/3272,Completed,Western International Market,,New Build,,Borough,Western International Market,All Other,Hayes Road,,Approved,"[{'no_storeys': None, 'building_ref': None}]",1.06,1.06,0.0,15893.0,0.0,15893.0,True,376,"[""{'gia_existing': -1, 'superseded_date': None, 'actual_completion_date': '01/09/2014', 'gia_gained': 0, 'use_class': 'B8', 'actual_commencement_date': '01/04/2014', 'superseded_by_lpa_app_no': None, 'gia_lost': 0}"", ""{'gia_existing': 0, 'superseded_date': None, 'actual_completion_date': '01/09/2014', 'gia_gained': 15893, 'use_class': 'SG', 'actual_commencement_date': '01/04/2014', 'superseded_by_lpa_app_no': None, 'gia_lost': 0}"", nan, nan, nan, nan, nan, nan, nan, nan, nan]"
Hounslow,,18/10/2000,Full planning permission,TW4 6NF,,Flexible use of the warehouse for use as a data centre with ancillary plant at the rear.,18/10/2005,,P/2000/1607,Completed,"UNIT 7, HASLEMERE HEATHROW ESTATE",,Change of Use,,Borough,"UNIT 7, HASLEMERE HEATHROW ESTATE",All Other,SILVER JUBILEE WAY,,Approved,"[{'no_storeys': None, 'building_ref': None}]",,0.2,2042.0,2042.0,2042.0,2042.0,True,377,"[""{'gia_existing': -1, 'superseded_date': None, 'actual_completion_date': '01/12/2005', 'gia_gained': 0, 'use_class': 'B8', 'actual_commencement_date': '15/08/2005', 'superseded_by_lpa_app_no': None, 'gia_lost': 2042}"", ""{'gia_existing': 0, 'superseded_date': None, 'actual_completion_date': '01/12/2005', 'gia_gained': 2042, 'use_class': 'SG', 'actual_commencement_date': '15/08/2005', 'superseded_by_lpa_app_no': None, 'gia_lost': 0}"", nan, nan, nan, nan, nan, nan, nan, nan, nan]"
Hounslow,10001262547,13/09/2007,Full planning permission,TW3 3TU,,"Change of use of part of the industrial/warehouse building, and extension of a mezzanine, to extend the existing data centre facilities within the building, together with extension to the western elevation of the building to house 3 generators, and the installation of 2x 50,000 litre underground fuel/oil storage tanks.",13/09/2010,,P/2007/1897,Completed,Excaliber Heathrow Gateway Plot 3,,New Build,,Borough,Excaliber Heathrow Gateway Plot 3,All Other,Godfrey Way,,Approved,"[{'no_storeys': None, 'building_ref': None}]",1.749,0.251,0.0,1710.0,0.0,1710.0,True,378,"[""{'gia_existing': -1, 'superseded_date': None, 'actual_completion_date': '01/03/2008', 'gia_gained': 0, 'use_class': 'B8', 'actual_commencement_date': '01/11/2007', 'superseded_by_lpa_app_no': None, 'gia_lost': 0}"", ""{'gia_existing': 0, 'superseded_date': None, 'actual_completion_date': '01/03/2008', 'gia_gained': 1710, 'use_class': 'SG', 'actual_commencement_date': '01/11/2007', 'superseded_by_lpa_app_no': None, 'gia_lost': 0}"", nan, nan, nan, nan, nan, nan, nan, nan, nan]"
Hounslow,,09/11/2000,Full planning permission,TW14 8RP,,Installation of mezzanine floors and erection of electrical plant and machinery to the rear of the building and extension to the permitted B2/B8 use to include as a data storage facility.,09/11/2005,,P/2000/1917,Completed,CARGO 30 BUILDING,,Change of Use,,Borough,CARGO 30 BUILDING,All Other,STAINES ROAD,,Approved,"[{'no_storeys': None, 'building_ref': None}]",0.942,0.001,0.0,6000.0,0.0,6000.0,True,379,"[""{'gia_existing': -1, 'superseded_date': None, 'actual_completion_date': '31/12/2001', 'gia_gained': 6000, 'use_class': 'SG', 'actual_commencement_date': '31/03/2001', 'superseded_by_lpa_app_no': None, 'gia_lost': 0}"", nan, nan, nan, nan, nan, nan, nan, nan, nan, nan]"
Islington,5300037504,29/11/2011,,EC1V 0AB,05/10/2011,Certificate of Lawfulness (Existing) for continued use of building as a data centre (B1 Use).,29/11/2014,30/11/2011,P112148,Insufficient Fee,,,,Delegated,,36 - 43,All Other,Great Sutton Street,False,Comment Issued,,,,,,,,True,387,"[nan, nan, nan, nan, nan, nan, nan, nan, nan, nan, nan]"
Islington,10001298046,26/08/2014,Outline planning permission: Some matters reserved,,08/04/2013,"Hybrid planning application for demolition of existing buildings and comprehensive redevelopment comprising full planning permission for all elements (other than Block 9 submitted in outline with appearance reserved) for four blocks ranging from 7 to 9 storeys plus two towers of 42 storeys (up to 155m) and 36 storeys (up to 137m), providing up to 995 residential units; commercial floorspace (Class B1) up to 7,600sqm; affordable workspace (Class B1); relocated data centre; flexible retail/financial and professional services/restaurant/café/drinking establishment/health centre floorspace (Class A1/A2/A3/A4/D1) up to 3,650sqm; crèche (Class D1); and hotel (Class C1) of up to 190 beds; together with public open spaces, up to 1,223 cycle spaces, 225 car parking spaces and ancillary floorspace within a basement and other associated works. This proposal constitutes a departure from the development plan. This application may affect the character and appearance of a conservation area and the setting of a listed building. Town and Country Planning (Listed Building and Conservation Areas) Act 1990 (as amended); Section 67 and 73. AMENDMENTS RECEIVED 12/07/2013 INCLUDING DAYLIGHT AND SUNLIGHT INFORMATION RELATING TO AQUARELLE HOUSE.",26/08/2017,08/07/2013,P2013/1089/FUL,Commenced,Electricity Sub Station At 250 West Side Of Unit 2,,New Build,Delegated,Greater London Authority,,All Other,City Road,False,Approved,"[{'no_storeys': 42, 'building_ref': None}]",1.949,0.245,28022.0,11609.0,15031.0,19144.0,False,388,"[""{'gia_existing': 0, 'superseded_date': '23/03/2017', 'actual_completion_date': None, 'use_class': 'SG', 'gia_gained': 0, 'actual_commencement_date': '01/01/2015', 'superseded_by_lpa_app_no': 'P2016/2994/S73', 'gia_lost': 0}"", ""{'gia_existing': 0, 'superseded_date': None, 'actual_completion_date': None, 'use_class': 'A1', 'gia_gained': 715, 'actual_commencement_date': '01/01/2015', 'superseded_by_lpa_app_no': None, 'gia_lost': 0}"", ""{'gia_existing': 0, 'superseded_date': None, 'actual_completion_date': None, 'use_class': 'A2', 'gia_gained': 714, 'actual_commencement_date': '01/01/2015', 'superseded_by_lpa_app_no': None, 'gia_lost': 0}"", ""{'gia_existing': 0, 'superseded_date': None, 'actual_completion_date': None, 'use_class': 'A3', 'gia_gained': 715, 'actual_commencement_date': '01/01/2015', 'superseded_by_lpa_app_no': None, 'gia_lost': 0}"", ""{'gia_existing': 0, 'superseded_date': None, 'actual_completion_date': None, 'use_class': 'A4', 'gia_gained': 714, 'actual_commencement_date': '01/01/2015', 'superseded_by_lpa_app_no': None, 'gia_lost': 0}"", ""{'gia_existing': -1, 'superseded_date': None, 'actual_completion_date': None, 'use_class': 'B1', 'gia_gained': 7535, 'actual_commencement_date': '01/01/2015', 'superseded_by_lpa_app_no': None, 'gia_lost': 12991}"", ""{'gia_existing': -1, 'superseded_date': None, 'actual_completion_date': None, 'use_class': 'B1a', 'gia_gained': 7535, 'actual_commencement_date': '01/01/2015', 'superseded_by_lpa_app_no': None, 'gia_lost': 12991}"", ""{'gia_existing': -1, 'superseded_date': None, 'actual_completion_date': None, 'use_class': 'B8', 'gia_gained': 0, 'actual_commencement_date': '01/01/2015', 'superseded_by_lpa_app_no': None, 'gia_lost': 2040}"", ""{'gia_existing': 0, 'superseded_date': None, 'actual_completion_date': None, 'use_class': 'D1', 'gia_gained': 1216, 'actual_commencement_date': '01/01/2015', 'superseded_by_lpa_app_no': None, 'gia_lost': 0}"", nan, nan]"
Islington,5300089440,25/02/2022,Full planning permission,EC2A 4DE,16/06/2021,"Change of use of parts lower ground, ground, first and second floor levels from data centre (Sui Generis) to office (Use Class E).",25/02/2025,11/08/2021,P2021/1761/FUL,Completed,,,,Delegated,Borough,21 - 27,All Other,Tabernacle Street,False,Approved,"[{'no_storeys': 6.0, 'max_height': 0.0, 'building_ref': 'N/A'}]",0.015,0.015,998.0,998.0,998.0,0.0,True,390,"[""{'gia_existing': 0.0, 'actual_completion_date': '01/11/2024', 'use_class': 'E(g)(i)', 'gia_gained': 998.0, 'gia_lost': 0.0}"", ""{'gia_existing': 998.0, 'actual_completion_date': '01/11/2024', 'use_class': 'SG', 'gia_gained': 0.0, 'gia_lost': 998.0}"", nan, nan, nan, nan, nan, nan, nan, nan, nan]"
Islington,5300089440,03/06/2014,,EC2A 4DE,01/04/2014,Certificate of Lawfulness for existing use of the property as a telecommunications switch hub with associated data storage and disaster recovery space (Sui Generis use).,03/06/2017,27/05/2014,P2014/1242/COL,Insufficient Fee,,,,Delegated,,21 - 27,All Other,Tabernacle Street,False,Comment Issued,,,,,,,,True,391,"[nan, nan, nan, nan, nan, nan, nan, nan, nan, nan, nan]"
Islington,5300071604,22/02/2022,,,13/10/2021,"The proposals include the demolition of the existing Class E office building with B8 data storage center at basement level, and the provision of circa 30,000 sqm (GIA) of Class E office floorspace, with the incorporation of flexible Class E/F1 uses at ground floor level. The Site is allocated for comprehensive redevelopment within the emerging LBI Local Plan. The proposed scheme aims to deliver a best in class modern office building with outstanding sustainability and well-being credentials. 
16th November 2021 First review: £5208.00",22/02/2025,23/12/2021,Q2021/3003/DRP,Insufficient Fee,Castle House,,00 Not Required,Delegated,,37 - 45,All Other,Paul Street,False,Not Required,,0.268,,,,,,True,394,"[nan, nan, nan, nan, nan, nan, nan, nan, nan, nan, nan]"
Islington,MAN00000000000000854003,27/03/2001,,,02/01/2001,"Change of use of the ground floor and basement from B1 to rack mounted storage facilities for computer data transfer 

 APPLICANT'S PLAN NOS.:  001128D-011D, 012C, 031, 101, 111,                         112",17/08/2006,27/02/2001,P002628,Insufficient Fee,,,,Committee,,,All Other,,False,Approved,,0.27,,,,,,True,395,"[nan, nan, nan, nan, nan, nan, nan, nan, nan, nan, nan]"
Islington,MAN00000000000001046468,03/08/2001,,,26/06/2001,"Change of use of ground floor warehouse to electronic data storage/comms facility (retaining existing office space), including minor elevational changes to Brewery Road and part removal of existing flat roof. 

 APPLICANTS' PLAN NOS.:  LN08760/000A9001; 100A9002-8",03/08/2006,21/08/2001,P011320,Insufficient Fee,,,,Delegated,,,All Other,,False,Approved,,0.145,,,,,,True,402,"[nan, nan, nan, nan, nan, nan, nan, nan, nan, nan, nan]"
Islington,10010439652,30/06/2022,Full planning permission,N1 8DY,06/06/2022,This application relates to the addresses 36a Islington Green and 1A Camden Walk who are owned by the applicant. There is no function on the Planning portal to input this data.,30/06/2025,01/08/2022,P2022/2116,Application Received,,,,Committee,,1A,All Other,Camden Walk,False,Withdrawn,"[{'no_storeys': 0, 'max_height': 0, 'building_ref': '0'}]",0.011,,0.0,0.0,0.0,0.0,True,404,"[nan, nan, nan, nan, nan, nan, nan, nan, nan, nan, nan]"
Islington,5300102027,20/12/2021,Full planning permission,EC1V 9BJ,01/09/2021,"Proposed change of use of basement from Office (Class E) to Data Centre (Sui Generis), plus installation and adaptation of rooftop plant, plus all associated works and operations.",20/12/2024,27/10/2021,P2021/2555/FUL,Completed,,,Minor all other minor developments,Delegated,,138-140,All Other,Old Street,False,Approved,"[{'no_storeys': 0.0, 'max_height': 0.0, 'building_ref': '0'}]",0.045,0.045,352.0,352.0,352.0,352.0,True,407,"[""{'gia_existing': 352.0, 'actual_completion_date': '01/08/2022', 'use_class': 'B1a', 'gia_gained': 0.0, 'actual_commencement_date': '01/01/2022', 'gia_lost': 352.0}"", ""{'gia_existing': 0.0, 'actual_completion_date': '01/08/2022', 'use_class': 'B8', 'gia_gained': 352.0, 'actual_commencement_date': '01/01/2022', 'gia_lost': 0.0}"", nan, nan, nan, nan, nan, nan, nan, nan, nan]"
Islington,10001298275,25/11/2013,,EC1M 6PB,01/08/2013,The replacement of 10 existing cooling towers with 8 smaller towers; installation of new low level roof mounted plants; installation of replacement internal plant; re-sitting of the existing control room; creation of a new visitor centre and data control centre; temporary removal of the existing doors at nos. 51-53; and creation of a new small atrium at roof level.,25/11/2016,26/09/2013,P2013/2800/FUL,Insufficient Fee,,,,Delegated,,47 - 53,All Other,Charterhouse Street,False,Approved,,0.303,,,,,,True,408,"[nan, nan, nan, nan, nan, nan, nan, nan, nan, nan, nan]"
Lewisham,,11/01/2000,Full planning permission,SE13,,The construction of a 5 storey building to provide offices and a data centre.,11/01/2005,,DC9945530,Superseded,"CAR PARK,NORTH OF RIVERDALE OFFICES",,New Build,,Borough,"CAR PARK,NORTH OF RIVERDALE OFFICES",All Other,MOLESWORTH STREET,,Approved,"[{'no_storeys': None, 'building_ref': None}]",,0.001,0.0,9851.0,0.0,19702.0,True,416,"[""{'gia_existing': 0, 'superseded_date': '09/08/2000', 'actual_completion_date': None, 'gia_gained': 9851, 'use_class': 'B1', 'actual_commencement_date': None, 'superseded_by_lpa_app_no': 'DC0046502', 'gia_lost': 0}"", ""{'gia_existing': 0, 'superseded_date': '09/08/2000', 'actual_completion_date': None, 'gia_gained': 9851, 'use_class': 'B1a', 'actual_commencement_date': None, 'superseded_by_lpa_app_no': 'DC0046502', 'gia_lost': 0}"", ""{'gia_existing': -1, 'superseded_date': '09/08/2000', 'actual_completion_date': None, 'gia_gained': 0, 'use_class': 'SG', 'actual_commencement_date': None, 'superseded_by_lpa_app_no': 'DC0046502', 'gia_lost': 0}"", nan, nan, nan, nan, nan, nan, nan, nan]"
Newham,010096297449,20/12/2024,Outline planning permission: All matters reserved,E16 2AB,28/07/2023,"Hybrid planning application for a phased mixed-use redevelopment comprising up to 213,239sqm GEA: 1. Detailed component: a) Site wide enabling works relating to ground works, remediation, raising of site levels, utilities works, security fencing, new accesses to the public highway, and construction of a relocated access road serving Peruvian Wharf; and b) Construction of a 64,203 sqm GEA data centre building (including ancillary office space)(Use Class B8) of up to 63.760m AOD in height, a security gatehouse and sprinkler building; construction of a primary substation; public open space, utilities works, landscaping, security fencing, pedestrian and cycle route, construction of estate roads, cycle and car parking areas and associated access and public realm works. 2. Outline component (all matters reserved): development above raised ground levels to provide up to 144,755 sqm GEA of data centre floorspace (including ancillary office space) (Use Class B8) in two buildings of up to 65m AOD in height; construction of a 2,355 sqm GEA multi-function building of up to 15.5m AOD in height (Use Class E / F1); landscaping, utilities works, construction of estate roads, cycle and car parking areas and associated access.The application affects the setting of Listed Buildings/Structures.This is a Major Planning Application accompanied by an Environmental Statement for the purposes of Environmental Impact Assessment under the Town and Country Planning (Environmental Impact Assessment) Regulations 2017 (as amended). (RECONSULTATION - Amended Description, Plans and Reports.)",20/12/2027,17/11/2023,23/01697/OUT,Approved,Land At Former Paint Factory And Central Thameside West,,,Committee,,,All Other,North Woolwich Road,False,Approved,"[{'no_storeys': 7, 'max_height': 63.76, 'building_ref': 'LCY01 '}, {'no_storeys': 7, 'max_height': 65, 'building_ref': 'LCY02 '}, {'no_storeys': 7, 'max_height': 65, 'building_ref': 'LCY03 '}, {'no_storeys': 2, 'max_height': 15.5, 'building_ref': 'Multi-function building '}]",8.317,,0.0,212200.0,0.0,205365.0,False,421,"[""{'gia_existing': 0, 'use_class': 'B8', 'gia_gained': 205365, 'gia_lost': 0}"", ""{'gia_existing': 0, 'use_class': 'SpecifiedOther', 'gia_gained': 4970, 'gia_lost': 0}"", ""{'gia_existing': 0, 'use_class': 'SpecifiedOther', 'gia_gained': 320, 'gia_lost': 0}"", ""{'gia_existing': 0, 'use_class': 'SpecifiedOther', 'gia_gained': 95, 'gia_lost': 0}"", ""{'gia_existing': 0, 'use_class': 'SpecifiedOther', 'gia_gained': 1450, 'gia_lost': 0}"", nan, nan, nan, nan, nan, nan]"
Newham,010008984031,14/04/2025,Full planning permission,E16 4ST,02/01/2024,"Erection of a data centre (Use Class B8), comprising a Data Centre Building of approximately 72.3m AOD in height (approximately 59,923qm GEA including ancillary office space); a Plant Building of approximately 72.3m AOD in height (approximately 30,302sqm GEA), an Energy Centre of approximately 32.4m AOD in height (approximately 4,789sqm GEA), with associated works including landscaping, access, car and cycle parking, and servicing areas.This application is accompanied by an Environmental Statement for the purposes of Environmental Impact Assessment under The Town and Country Planning (Environmental Impact Assessment) Regulations 2017 (as amended).",14/04/2028,23/04/2024,24/00088/FUL,Approved,Land At Former EMR Site,,,Committee,,,All Other,Bidder Street,False,Approved,"[{'no_storeys': 0, 'max_height': 72.3, 'building_ref': 'Data Centre Building'}, {'no_storeys': 0, 'max_height': 72.3, 'building_ref': 'Plant Building'}, {'no_storeys': 0, 'max_height': 32.4, 'building_ref': 'Energy Centre Building'}]",1.974,,0.0,76180.0,0.0,76180.0,True,422,"[""{'gia_existing': 0, 'gia_gained': 76180, 'use_class': 'B8', 'gia_lost': 0}"", nan, nan, nan, nan, nan, nan, nan, nan, nan, nan]"
Newham,010094880285,13/08/2020,,E16 4TG,22/06/2020,Application for a lawful development certificate for the proposed Data Centre use.,13/08/2025,17/08/2020,20/01187/CLP,Approved,"Galaxy Business Centre 
North Crescent
Canning Town
London
E16 4TG",,,Delegated,,,All Other,,False,Approved,,,,0.0,,,0.0,True,423,"[""{'gia_existing': 522.49, 'superseded_date': None, 'actual_completion_date': None, 'use_class': 'B8', 'gia_gained': 0, 'actual_commencement_date': None, 'superseded_by_lpa_app_no': None, 'gia_lost': 0}"", nan, nan, nan, nan, nan, nan, nan, nan, nan, nan]"
Tower Hamlets,,05/09/2017,,,20/06/2017,"Application for a non-material amendment following the grant of planning permission PA/14/02147 dated 21/10/2013. Amendments proposed are for the reconfiguration of roof top plant layout on data centre/office roof space consisting of the installation of 2 generators (previously there were 3), 2 transformers and 8 dry air coolers, 2 heat pumps, 2 air source heat pumps, 1 adiabatic dry air cooler and 1 air handling unit. Amendments to the location and repositioning of roof lantern. ",05/09/2020,,PA/17/01653, ,"Block C, Trumans Brewery, 91 Brick Lane, London",,,,,,All Other,,,Approved,,0.124,,,,,,False,431,"[nan, nan, nan, nan, nan, nan, nan, nan, nan, nan, nan]"
Tower Hamlets,,29/10/2018,,E14 2AA,02/10/2018,We are seeking your comments on an environmental permit application received from Telehouse International Corporation of Europe Limited for Telehouse Docklands DatacentreCoriander AvenueLondonTower HamletsE14 2AA   ,29/10/2021,,PA/18/02851/NC, ,"Telehouse Docklands Datacentre, Telehouse, Telehouse Europe Ltd Coriander Avenue, London, Tower Hamlets, E14 2AA",,,,,,All Other,,,No Objection to Proposal (OBS only),,0.014,,0.0,,,0.0,False,433,"[nan, nan, nan, nan, nan, nan, nan, nan, nan, nan, nan]"
Tower Hamlets,,23/02/2018,,E14 9FT,14/11/2017,Change of use from light industrial (B1/B2) to data centre facility. Installation of two generator units,23/02/2021,,PA/17/02816/A1, ,"Units 3, 4, 5, 6, 7, 8,  Poplar Business Park, Astoria Way, LONDON, E14 9FT",,Other change of use,,,,All Other,,,Approved,,0.051,,0.0,,,420.0,True,435,"[""{'gia_existing': 0, 'superseded_date': None, 'actual_completion_date': None, 'use_class': 'B8', 'gia_gained': 420, 'actual_commencement_date': None, 'superseded_by_lpa_app_no': None, 'gia_lost': 0}"", nan, nan, nan, nan, nan, nan, nan, nan, nan, nan]"
Tower Hamlets,6061543,23/08/2011,Full planning permission,E14 9HE,,"Change of use of whole building from (B1 Office space) to a collocation data centre involving: - new plant and screen enclosure on roof of building 6, - elevated, screened infill gantries to house plant located between buildings 6+7 and 8+9. Location of new external plant at ground level including: - temporary location of stand-by generators to roadway along South boundary, - new electrical switch room on East boundary beneath the elevated Docklands Light Railway track, - new plant enclosure building on vacant land to the South East of building 6+7. New internal floor area on 1st and 2nd floors with extended ground floor reception.",23/08/2014,,PA/10/02860,Completed,6-7,,Change of Use,,Borough,6-7,All Other,Harbour Exchange Square,,Approved,"[{'no_storeys': 12, 'building_ref': None}]",,0.481,28494.0,16413.0,14247.0,16413.0,True,439,"[""{'gia_existing': -1, 'superseded_date': None, 'actual_completion_date': '21/12/2012', 'gia_gained': 0, 'use_class': 'B1', 'actual_commencement_date': '10/08/2011', 'superseded_by_lpa_app_no': None, 'gia_lost': 14247}"", ""{'gia_existing': -1, 'superseded_date': None, 'actual_completion_date': '21/12/2012', 'gia_gained': 0, 'use_class': 'B1a', 'actual_commencement_date': '10/08/2011', 'superseded_by_lpa_app_no': None, 'gia_lost': 14247}"", ""{'gia_existing': 0, 'superseded_date': None, 'actual_completion_date': '21/12/2012', 'gia_gained': 16413, 'use_class': 'B8', 'actual_commencement_date': '10/08/2011', 'superseded_by_lpa_app_no': None, 'gia_lost': 0}"", nan, nan, nan, nan, nan, nan, nan, nan]"
Tower Hamlets,,07/10/2013,Full planning permission,E14 9NN,,"Demolition of existing office buildings (B1) and the erection of a three storey data centre building (Class B8), landscaping roof level plant and associated works; erection of an enclosed elevated pedestrian link and retention of office building (Unit 3).",07/10/2016,,PA/12/02055,Completed,"2-4, The Point",,New Build,,Borough,"2-4, The Point",All Other,Greenwich View Place,,Approved,"[{'no_storeys': None, 'building_ref': None}]",0.507,0.5,6300.0,8000.0,3150.0,8000.0,True,440,"[""{'gia_existing': -1, 'superseded_date': None, 'actual_completion_date': '05/10/2017', 'gia_gained': 0, 'use_class': 'B1', 'actual_commencement_date': '17/05/2016', 'superseded_by_lpa_app_no': None, 'gia_lost': 3150}"", ""{'gia_existing': -1, 'superseded_date': None, 'actual_completion_date': '05/10/2017', 'gia_gained': 0, 'use_class': 'B1a', 'actual_commencement_date': '17/05/2016', 'superseded_by_lpa_app_no': None, 'gia_lost': 3150}"", ""{'gia_existing': 0, 'superseded_date': None, 'actual_completion_date': '05/10/2017', 'gia_gained': 8000, 'use_class': 'B8', 'actual_commencement_date': '17/05/2016', 'superseded_by_lpa_app_no': None, 'gia_lost': 0}"", nan, nan, nan, nan, nan, nan, nan, nan]"
Tower Hamlets,6063726,31/10/2016,Full planning permission,E14 9NN,,"Demolition of existing data centre buildings and the erection of a single 3 storey data centre building landscaping, roof level plant and associated works; erection of an enclosed elevated pedestrian link",31/10/2019,,PA/16/01026,Completed,1,,New Build,,Borough,1,All Other,Greenwich View Place,,Approved,"[{'no_storeys': None, 'building_ref': None}]",0.11,0.11,2228.0,4211.0,1114.0,4211.0,True,441,"[""{'gia_existing': -1, 'superseded_date': None, 'actual_completion_date': '01/09/2017', 'gia_gained': 0, 'use_class': 'B1', 'actual_commencement_date': '01/11/2016', 'superseded_by_lpa_app_no': None, 'gia_lost': 1114}"", ""{'gia_existing': -1, 'superseded_date': None, 'actual_completion_date': '01/09/2017', 'gia_gained': 0, 'use_class': 'B1a', 'actual_commencement_date': '01/11/2016', 'superseded_by_lpa_app_no': None, 'gia_lost': 1114}"", ""{'gia_existing': 0, 'superseded_date': None, 'actual_completion_date': '01/09/2017', 'gia_gained': 4211, 'use_class': 'B8', 'actual_commencement_date': '01/11/2016', 'superseded_by_lpa_app_no': None, 'gia_lost': 0}"", nan, nan, nan, nan, nan, nan, nan, nan]"
Tower Hamlets,6158988,18/02/2009,Full planning permission,E14,,"Erection of a new data centre (Sui Generis) comprising 20,080 sqm of floor space consisting of a nine storey technical building and a two storey generator building. Construction of a new first floor bridge link to existing administration building. Erection of a new part 2, part 3 storey EDF primary sub station consisting of 2,197 sqm floor space incorporating partial infilling of an existing concrete lined linear pond. Other works include a new single storey security booth; revised access arrangements; associated landscaping, car parking and other associated works. (REGULATION 19 RESPONSE)",18/02/2012,,PA/08/01799,Completed,Telehouse South,,New Build,,London Thames Gateway DC,Telehouse South,All Other,Coriander Road,,Approved,"[{'no_storeys': 9, 'building_ref': None}]",0.7160000000000001,0.716,0.0,22227.0,0.0,22227.0,True,442,"[""{'gia_existing': -1, 'superseded_date': None, 'actual_completion_date': '23/06/2010', 'gia_gained': 0, 'use_class': 'B8', 'actual_commencement_date': '26/02/2009', 'superseded_by_lpa_app_no': None, 'gia_lost': 0}"", ""{'gia_existing': 0, 'superseded_date': None, 'actual_completion_date': '23/06/2010', 'gia_gained': 22227, 'use_class': 'SG', 'actual_commencement_date': '26/02/2009', 'superseded_by_lpa_app_no': None, 'gia_lost': 0}"", nan, nan, nan, nan, nan, nan, nan, nan, nan]"
Tower Hamlets,6152936,03/07/2013,Full planning permission,E1,,"Demolition of the existing store building, sub-station, workshops and boundary wall to Buxton Street and Spital Street up to the Cooperage Building and erection of a 3 storey high data centre with basement accommodation including provision of Use Class B1 enterprise / D1 training floorspace, provision of rooftop satellite dishes, roof mounted mechanical plant, security fencing, cycle parking and provision of two electric charging car parking spaces.",03/07/2016,,PA/12/00090,Lapsed,Land corner of,,New Build,,Borough,Land corner of,All Other,Spital Street,,Approved,"[{'no_storeys': None, 'building_ref': None}]",0.357,0.36,800.0,10410.0,800.0,10410.0,True,443,"[""{'gia_existing': -1, 'superseded_date': None, 'actual_completion_date': None, 'gia_gained': 10175, 'use_class': 'B8', 'actual_commencement_date': None, 'superseded_by_lpa_app_no': None, 'gia_lost': 800}"", ""{'gia_existing': 0, 'superseded_date': None, 'actual_completion_date': None, 'gia_gained': 235, 'use_class': 'D1', 'actual_commencement_date': None, 'superseded_by_lpa_app_no': None, 'gia_lost': 0}"", nan, nan, nan, nan, nan, nan, nan, nan, nan]"
Tower Hamlets,6648579,23/10/2014,Full planning permission,E14,,"Erection on Site 6 of a new 10 storey data centre building of 66m in height comprising approximately 24,370m2 of floor space including provision of roof top plant and satellite dish; reconfiguration of loading bay area to North building; new first floor bridge link to existing North building; erection on Site 8 of a new 12 storey office development 65m in height comprising approximately 13,283m2 of floor space; provision of car and cycle parking; re-routing of existing cycle path on Sorrel Lane; associated landscaping; provision of security fencing, gates and other associated works.",23/10/2017,,PA/14/00074,Completed,"Telehouse Far East, Site 6 and 8",,New Build,,Borough,"Telehouse Far East, Site 6 and 8",All Other,Oregano Drive,,Approved,"[{'no_storeys': 12, 'building_ref': None}]",0.886,0.94,0.0,37653.0,0.0,50936.0,True,444,"[""{'gia_existing': 0, 'superseded_date': None, 'actual_completion_date': '10/03/2017', 'gia_gained': 13283, 'use_class': 'B1', 'actual_commencement_date': '09/07/2014', 'superseded_by_lpa_app_no': None, 'gia_lost': 0}"", ""{'gia_existing': 0, 'superseded_date': None, 'actual_completion_date': '10/03/2017', 'gia_gained': 13283, 'use_class': 'B1a', 'actual_commencement_date': '09/07/2014', 'superseded_by_lpa_app_no': None, 'gia_lost': 0}"", ""{'gia_existing': 0, 'superseded_date': None, 'actual_completion_date': '07/11/2016', 'gia_gained': 24370, 'use_class': 'B8', 'actual_commencement_date': '09/07/2014', 'superseded_by_lpa_app_no': None, 'gia_lost': 0}"", ""{'gia_existing': -1, 'superseded_date': None, 'actual_completion_date': '10/03/2017', 'gia_gained': 0, 'use_class': 'SG', 'actual_commencement_date': '09/07/2014', 'superseded_by_lpa_app_no': None, 'gia_lost': 0}"", nan, nan, nan, nan, nan, nan, nan]"
Tower Hamlets,6155368,13/12/2013,Full planning permission,E14,,Change of use from business (Use Class B1) to data centre (Use Class B8) extensions to and refurbishment of Archway House to include two additional floors of data centre use with associated plant.,13/12/2016,,PA/13/00803,Completed,"Archway House, 1 and 47",,Change of Use,,Borough,"Archway House, 1 and 47",All Other,Muirfield Crescent,,Approved,"[{'no_storeys': 7, 'building_ref': None}]",0.217,0.22,10172.0,9666.0,5086.0,9666.0,True,445,"[""{'gia_existing': -1, 'superseded_date': None, 'actual_completion_date': '01/03/2018', 'gia_gained': 0, 'use_class': 'B1', 'actual_commencement_date': '27/10/2014', 'superseded_by_lpa_app_no': None, 'gia_lost': 5086}"", ""{'gia_existing': -1, 'superseded_date': None, 'actual_completion_date': '01/03/2018', 'gia_gained': 0, 'use_class': 'B1a', 'actual_commencement_date': '27/10/2014', 'superseded_by_lpa_app_no': None, 'gia_lost': 5086}"", ""{'gia_existing': 0, 'superseded_date': None, 'actual_completion_date': '01/03/2018', 'gia_gained': 9666, 'use_class': 'B8', 'actual_commencement_date': '27/10/2014', 'superseded_by_lpa_app_no': None, 'gia_lost': 0}"", nan, nan, nan, nan, nan, nan, nan, nan]"
Tower Hamlets,6063832,30/09/2021,Full planning permission,,07/12/2020,Extension of existing data centre by an additional storey,30/09/2024,01/10/2021,PA/20/02381/NC,Lapsed,"2-4 Greenwich View Place, London, E14 9NN",https://development.towerhamlets.gov.uk/online-applications/applicationDetails.do?keyVal=DCAPR133531&activeTab=summary,Q06,,,,All Other,,False,Approved,,4983.0,,0.0,,,4360.0,True,446,"[""{'gia_existing': 10367.1, 'superseded_date': None, 'actual_completion_date': None, 'gia_gained': 4360, 'use_class': 'B8', 'actual_commencement_date': None, 'superseded_by_lpa_app_no': None, 'gia_lost': 0}"", nan, nan, nan, nan, nan, nan, nan, nan, nan, nan]"
Tower Hamlets,6143374,13/01/2023,Full planning permission,,31/05/2022,Refurbishment of existing data centre facility; replacement roof-top plant; new facade treatment; new security gatehouse; alterations to existing SSB building; associated landscaping and ancillary works.,13/01/2026,13/01/2023,PA/22/01023/NC,Approved,"1 Paul Julius Close, London, E14 2EH",https://development.towerhamlets.gov.uk/online-applications/applicationDetails.do?keyVal=DCAPR138201&activeTab=summary,Q06,,,,All Other,,False,Approved,"[{'no_storeys': 2, 'max_height': 3.5, 'building_ref': 'Security gatehouse'}]",1.181,,0.0,45.0,0.0,0.0,True,447,"[""{'gia_existing': 0, 'superseded_date': None, 'actual_completion_date': None, 'gia_gained': 45, 'use_class': 'SpecifiedOther', 'actual_commencement_date': None, 'superseded_by_lpa_app_no': None, 'gia_lost': 0}"", ""{'gia_existing': 31119, 'superseded_date': None, 'actual_completion_date': None, 'gia_gained': 0, 'use_class': 'B8', 'actual_commencement_date': None, 'superseded_by_lpa_app_no': None, 'gia_lost': 0}"", nan, nan, nan, nan, nan, nan, nan, nan, nan]"
Tower Hamlets,6151764,27/05/2021,Full planning permission,,09/04/2021,Erection of 14 no. 1.2m diameter satellite dishes and associated supporting platform at roof level and cable ladder on east elevation of existing data centre building,27/05/2024,,PA/21/00615/NC,Approved,"Block D, Trumans Brewery, 91 Brick Lane, London",https://development.towerhamlets.gov.uk/online-applications/applicationDetails.do?keyVal=DCAPR134647&activeTab=summary,Minor general industry-storage-warehousing,,,,All Other,,False,Approved,"[{'no_storeys': 0, 'max_height': 0, 'building_ref': 'N/A'}]",0.0714,,0.0,0.0,0.0,0.0,True,449,"[nan, nan, nan, nan, nan, nan, nan, nan, nan, nan, nan]"
Tower Hamlets,6065017,30/09/2024,,,11/06/2024,Listed Building Consent for a proposed data storage main equipment room with following works.40no. 600x600mm Cabinets6no. Distribution Boards4no. AC 2 950x950 Air Conditioning Units and associated air ductingOverhead Containment trays2no. Backup Power UnitsColt Entry Point for associated cabling to feed through125A 3 Phase Incoming Mains SupplyFalse Ceiling together with fixingsReplacement of a windowpane with a vent Additional door,30/09/2027,02/10/2024,PA/24/00813/NC,Approved,"Unit 100, Cannon Workshops, 3 Cannon Drive, London, E14 4AS",https://development.towerhamlets.gov.uk/online-applications/applicationDetails.do?keyVal=DCAPR144364&activeTab=summary,Other listed building consents (alter-extend),,,,All Other,,,Approved,,0.009,,0.0,,,0.0,True,451,"[nan, nan, nan, nan, nan, nan, nan, nan, nan, nan, nan]"
Tower Hamlets,6083017,17/12/2025,,,21/11/2025,"Application for Non-Material amendment to planning permission ref: PA/21/02182, dated 01/12/23 and granted on appeal on 03/10/23 (appeal ref: APP/E5900/W/23/3320336). Non Material amendment(s) Sought: Alteration to approved Description of Development as follows:A hybrid planning application for:Detailed planning application for works to include: demolition of existing buildings and structures and the phased erection of buildings, comprising: residential build to rent homes (use class c3); student accommodation and ancillary facilities (sui generis); flexible 3 commercial floorspace (use class e); alterations to the listed dock wall and dock gardens to provide new pedestrian connections and improved access; alterations to the existing access road; associated improvements to streets, open spaces, landscaping and public realm; and provision of car and bicycle parking spaces and servicing spaces and other works incidental to the proposed development;Outline planning application (all matters reserved) for the balance of the site for: the phased erection of buildings for use as a data centre (use class b8), flexible creative workspace (use class e(g)), community space (class f2), and/or a swimming pool (class f2); and associated infrastructure; streets, open spaces, landscaping and public realm; car and bicycle parking spaces and servicing spaces; utilities including electricity substations; and other works incidental to the proposed development.",17/12/2028,,PA/25/01998/S,Approved,"Mulberry Place Town Hall, 5 Clove Crescent, And Lighterman House, 3 Clove Crescent, London, E14 2BG (Republic Masterplan Site)",https://development.towerhamlets.gov.uk/online-applications/applicationDetails.do?keyVal=DCAPR149421&activeTab=summary,,,,,All Other,,,Approved,,,,,,,,False,452,"[nan, nan, nan, nan, nan, nan, nan, nan, nan, nan, nan]"
Tower Hamlets,6150205,24/12/2025,Full planning permission,,10/12/2024,"Erection of east and west extensions to existing data centre building, alterations to the north and south fa‡ades, infill of reception atrium, installation of new flues and plant, upgrade of rooftop chillers and other associated works including landscaping, cycle parking and lighting",24/12/2028,24/12/2025,PA/24/01932/A1,Approved,"Global Switch House, 3 Nutmeg Lane, London, E14 2AX",https://development.towerhamlets.gov.uk/online-applications/applicationDetails.do?keyVal=DCAPR146720&activeTab=summary,Q06,,,,All Other,,True,Approved,"[{'no_storeys': 13, 'max_height': 75.6, 'building_ref': 'Data centre building - flues extending 3m above existing maximum height'}]",1.0,,0.0,69829.0,0.0,69829.0,True,454,"[""{'gia_existing': 63541, 'superseded_date': None, 'actual_completion_date': None, 'gia_gained': 69829, 'use_class': 'B8', 'actual_commencement_date': None, 'superseded_by_lpa_app_no': None, 'gia_lost': 0}"", nan, nan, nan, nan, nan, nan, nan, nan, nan, nan]"
Tower Hamlets,6715322,12/03/2024,Full planning permission,,23/05/2023,"Provision of new SCR (Selective Catalytic Reduction) Units and DPF (Diesel Particulate Filter) Units to the existing stand-by generators serving the data centre elements of the building. Addition of SCR and DPF will improve emissions from the generators. These units are proposed to be housed within the existing in weatherproof enclosures on the existing plant deck behind Building 8-9, virtually completely concealed behind the existing plant louvre screen.",12/03/2027,14/03/2024,PA/23/01021/NC,Approved,"Rear of, 8-9 Harbour Exchange Square, London, E14 9HF",https://development.towerhamlets.gov.uk/online-applications/applicationDetails.do?keyVal=DCAPR141176&activeTab=summary,Minor general industry-storage-warehousing,,,,All Other,,False,Approved,,0.0174,,0.0,0.0,0.0,0.0,True,455,"[nan, nan, nan, nan, nan, nan, nan, nan, nan, nan, nan]"
Tower Hamlets,6061543,12/03/2024,Full planning permission,,23/05/2023,Provision of new SCR (Selective Catalytic Reduction) Units and DPF (Diesel Particulate Filter) Units to the existing stand-by generators serving the data centre elements of the building. Addition of SCR and DPF will improve emissions from the generators. These units are proposed to be housed in weatherproof enclosures on the existing containerised generator roofs behind Building 6-7.,12/03/2027,14/03/2024,PA/23/01022/NC,Approved,"6-7 Harbour Exchange Square, London, E14 9HE",https://development.towerhamlets.gov.uk/online-applications/applicationDetails.do?keyVal=DCAPR141177&activeTab=summary,Minor general industry-storage-warehousing,,,,All Other,,False,Approved,,0.00785,,0.0,0.0,0.0,0.0,True,457,"[nan, nan, nan, nan, nan, nan, nan, nan, nan, nan, nan]"
Tower Hamlets,6083190,14/11/2024,Full planning permission,,17/04/2024,"Change of use of Units 4-6, 7-9, and 23, all within Block C, from a data centre (Use Class B8) to flexible Use Classes E(g)(iii)/B2/B8.",14/11/2027,20/11/2024,PA/24/00576/NC,Approved,"Poplar Business Park, 10 Prestons Road, London",https://development.towerhamlets.gov.uk/online-applications/applicationDetails.do?keyVal=DCAPR143896&activeTab=summary,Other change of use,,,,All Other,,False,Approved,,0.015,,0.0,969.29,969.29,0.0,True,459,"[""{'gia_existing': 969.29, 'use_class': 'SpecifiedOther', 'gia_gained': 969.29, 'gia_lost': 969.29}"", nan, nan, nan, nan, nan, nan, nan, nan, nan, nan]"
Tower Hamlets,6162105,,Full planning permission,,19/08/2024,"Demolition of existing buildings on site and construction of new building comprising 5,200sqm GIA of Use Class B8 floorspace for use as a data centre, reaching a maximum height of approximately 29m (41.78m AOD).This application is accompanied by an Environmental Impact Assessment (EIA).",,,PA/24/01450/A1,Appeal Received,"Land at the corner of Grey Eagle Street and Calvin Street, E1",https://development.towerhamlets.gov.uk/online-applications/applicationDetails.do?keyVal=DCAPR145595&activeTab=summary,Q06,,,,All Other,,True,,"[{'no_storeys': 4, 'max_height': 29, 'building_ref': 'Block A, Data Centre'}]",0.16,,0.0,5200.0,0.0,5200.0,True,462,"[""{'gia_existing': 1733, 'use_class': 'B8', 'gia_gained': 5200, 'gia_lost': 0}"", nan, nan, nan, nan, nan, nan, nan, nan, nan, nan]"
Tower Hamlets,6150205,05/01/2023,,,18/09/2020,Construction of 10 storey power station unit and goods lift between existing stairwells on east facade of the existing Data Centre building. Addition of rooftop chiller units with screening on north east corner of the building.,05/01/2026,09/01/2023,PA/20/01480/A1,Approved,"Global Switch House, 3 Nutmeg Lane, London, E14 2AX",https://development.towerhamlets.gov.uk/online-applications/applicationDetails.do?keyVal=DCAPR132514&activeTab=summary,Q06,,,,All Other,,True,Approved,,1.032,,0.0,,,62934.0,True,463,"[""{'gia_existing': 60394, 'superseded_date': None, 'actual_completion_date': None, 'gia_gained': 62934, 'use_class': 'B8', 'actual_commencement_date': None, 'superseded_by_lpa_app_no': None, 'gia_lost': 0}"", nan, nan, nan, nan, nan, nan, nan, nan, nan, nan]"
Tower Hamlets,6085994,20/11/2023,Full planning permission,,13/01/2022,"Erection of a data centre (Use Class B8) adjacent to East India Dock House with a connecting bridge over Nutmeg Lane to the existing London East building and other associated works including landscaping, car and cycle parking, refuse storage and lighting.",20/11/2026,23/11/2023,PA/21/02777/A1,Approved,"East India Dock House, 240 East India Dock Road, London",https://development.towerhamlets.gov.uk/online-applications/applicationDetails.do?keyVal=DCAPR137028&activeTab=summary,Q03,,,,All Other,,True,Approved,"[{'no_storeys': 7, 'max_height': 56.8, 'building_ref': 'Building 1'}]",2.05,,0.0,26323.0,0.0,26323.0,True,466,"[""{'gia_existing': 0, 'use_class': 'B8', 'gia_gained': 26323, 'gia_lost': 0}"", nan, nan, nan, nan, nan, nan, nan, nan, nan, nan]"
Tower Hamlets,6083017,26/01/2023,Full planning & listed building consent,,30/09/2021,"A hybrid planning application for:ÿDetailed planning application for works to include: Demolition of existing buildings and structures and the phased erection of buildings, comprising: ÿResidential Build to Rent Homes (Use Class C3); Student Accommodation and ancillary facilities (Sui Generis); Flexible Commercial Floorspace (Use Class E); Alterations to the Listed Dock Wall and Dock Gardens to provide new pedestrian connections and improved access; ÿAlterations to the existing access road; Associated improvements to streets, open spaces, landscaping and public realm; and Provision of car and bicycle parking spaces and servicing spaces and other works incidental to the proposed development.ÿFor the purposes of consultation - The Detailed Phase of the application will include buildings of 30 storeys (102.3 AOD) and 36 storeys (113.7 AOD) delivering 150 Homes and 716 Student Bedrooms. Outline planning application (all matters reserved) for the balance of the site for: ÿDemolition of existing buildings and structures; The phased erection of buildings for use as a Data Centre (Use Class B8), Flexible Creative Workspace (Use Class E(g)), Community Space (Class F2), and/or a Swimming Pool (Class F2); and associated infrastructure; streets, open spaces, landscaping and public realm; car and bicycle parking spaces and servicing spaces; Utilities including electricity substations; and other works incidental to the proposed development. This application is accompanied by an Environmental Statement.",01/12/2026,26/01/2023,PA/21/02182/A1,Allowed,"Mulberry Place Town Hall, 5 Clove Crescent, And Lighterman House, 3 Clove Crescent, London, E14 2BG (Republic Masterplan Site)",https://development.towerhamlets.gov.uk/online-applications/applicationDetails.do?keyVal=DCAPR136355&activeTab=summary,Q06,,,,All Other,,True,Refused,"[{'no_storeys': 30, 'max_height': 102.3, 'building_ref': 'Detailed Plot 1 Residential Build to Rent'}, {'no_storeys': 36, 'max_height': 113.7, 'building_ref': 'Detailed Plot 2 Residential Student Accommodation '}, {'no_storeys': 10, 'max_height': 82.5, 'building_ref': 'Outline Plot 3 Data Centre'}, {'no_storeys': 6, 'max_height': 33.7, 'building_ref': 'Outline Plot 4  Flexible Creative Workspace'}]",0.206,1.39,0.0,80433.0,30054.0,57244.0,True,468,"[""{'gia_existing': 0, 'superseded_date': None, 'actual_completion_date': None, 'gia_gained': 34500, 'use_class': 'B8', 'actual_commencement_date': None, 'superseded_by_lpa_app_no': None, 'gia_lost': 0}"", ""{'gia_existing': 0, 'superseded_date': None, 'actual_completion_date': None, 'gia_gained': 17423, 'use_class': 'C3', 'actual_commencement_date': None, 'superseded_by_lpa_app_no': None, 'gia_lost': 0}"", ""{'gia_existing': 0, 'superseded_date': None, 'actual_completion_date': None, 'gia_gained': 22744, 'use_class': 'SG', 'actual_commencement_date': None, 'superseded_by_lpa_app_no': None, 'gia_lost': 0}"", ""{'gia_existing': 29413, 'superseded_date': None, 'actual_completion_date': None, 'gia_gained': 5024, 'use_class': 'SpecifiedOther', 'actual_commencement_date': None, 'superseded_by_lpa_app_no': None, 'gia_lost': 29413}"", ""{'gia_existing': 641, 'superseded_date': None, 'actual_completion_date': None, 'gia_gained': 151, 'use_class': 'SpecifiedOther', 'actual_commencement_date': None, 'superseded_by_lpa_app_no': None, 'gia_lost': 641}"", ""{'gia_existing': 0, 'superseded_date': None, 'actual_completion_date': None, 'gia_gained': 157, 'use_class': 'SpecifiedOther', 'actual_commencement_date': None, 'superseded_by_lpa_app_no': None, 'gia_lost': 0}"", ""{'gia_existing': 0, 'superseded_date': None, 'actual_completion_date': None, 'gia_gained': 434, 'use_class': 'SpecifiedOther', 'actual_commencement_date': None, 'superseded_by_lpa_app_no': None, 'gia_lost': 0}"", nan, nan, nan, nan]"
Tower Hamlets,6715240,24/01/2023,Full planning permission,,29/09/2022,"Change of use of existing light industrial units 1-6 (originally consented as B1/B2 use. B1 subsequently re-categorised from 1st September 2020 as Class E(g)), totalling 490 mý to data centre use (B8 - storage and distribution). The application also includes construction of an external generator and sub-station compound alongside the existing Energy Centre building and changes to the appearance of the light industrial units to replace existing industrial doors with new insulated metal cladding, external doors and ventilation louvre screens and installation of external air conditioning plant in acoustic enclosures.",24/01/2026,,PA/22/01982/A1,Approved,"1, 2, 3, 4, 5, 6,  Astoria Way, London, E14 9FT",https://development.towerhamlets.gov.uk/online-applications/applicationDetails.do?keyVal=DCAPR139249&activeTab=summary,Minor Offices-R and D-light industry,,,,All Other,,False,Approved,"[{'no_storeys': 0, 'max_height': 0, 'building_ref': 'n/a'}]",0.1128,,648.0,610.0,648.0,610.0,True,470,"[""{'gia_existing': 648, 'superseded_date': None, 'actual_completion_date': None, 'gia_gained': 0, 'use_class': 'B1c', 'actual_commencement_date': None, 'superseded_by_lpa_app_no': None, 'gia_lost': 648}"", ""{'gia_existing': 0, 'superseded_date': None, 'actual_completion_date': None, 'gia_gained': 610, 'use_class': 'B8', 'actual_commencement_date': None, 'superseded_by_lpa_app_no': None, 'gia_lost': 0}"", nan, nan, nan, nan, nan, nan, nan, nan, nan]"
Westminster,100023468399,25/05/2011,Full planning permission,W1T 6PJ,,Use of part basement as data centre (Nos. 87-125) (sui generis).,25/05/2014,,11/03397/FULL,Lapsed,87-89,,Change of Use,,Borough,87-89,All Other,Cleveland Street,,Approved,"[{'no_storeys': None, 'building_ref': None}]",,0.1,3660.0,3660.0,3660.0,3660.0,True,478,"[""{'gia_existing': -1, 'superseded_date': None, 'actual_completion_date': None, 'gia_gained': 3660, 'use_class': 'SG', 'actual_commencement_date': None, 'superseded_by_lpa_app_no': None, 'gia_lost': 3660}"", nan, nan, nan, nan, nan, nan, nan, nan, nan, nan]"
