id,url_planning_app,lpa_app_no,action,notes,enterprise,current_occupier,Google,website,Address,Easting,Northing,lpa_name,description,completed,data_centre_since,preapp_started,uprn,decision_date,application_type_full,postcode,valid_date,status,site_name,cil_liability,SIL,application_details_building_details,B8_no_storeys,B8_max_height_m,application_details_site_area,application_details_non_residential_details_site_area,application_details_non_residential_details_total_non_resi_gross_internal_floor_area_to_be_lost,application_details_non_residential_details_total_gia_lost,application_details_non_residential_details_total_gia_gained,application_details_non_residential_details_total_non_resi_gross_internal_floor_area_to_be_gained,B8_gia_sqm,Other_use_classes_present_within_B8_building,B8_total_staff_FTE,Security_staff,Cleaners_staff,Managers_staff,Site_engineers_staff,Visitor_staff_not_on_site,Cluster_staff_not_on_site,B8_employees_at_a_day_REPORTED,Total/day ratio,B8_employees_at_a_day_ESTIMATE
Hillingdon-75111_APP_2020_1955,http://planning.hillingdon.gov.uk/OcellaWeb/planningDetails?reference=75111/APP/2020/1955,75111/APP/2020/1955,keep,,FALSE,ARC Data Centres,,https://www.ark-d-c.com/locations/union-park,"Land at Bulls Bridge Industrial Estate, NORTH HYDE GARDENS, HAYES, UB3 4QQ",,,Hillingdon,"Site clearance and preparation, including the demolition of remaining buildings, and the redevelopment of the site to provide: a new data centre (Use Class B8), two MV Energy Centres (including stand-by generation plant and gas storage), a HV Sub-Station, a visitor reception centre, plant, the creation of a new footpath and cycleway link to the canal towpath, works to the highway, car parking, cycle parking, associated infrastructure, enclosures and necessary physical security systems, hard and soft landscaping (including works to the River Crane) and ancillary uses, as well as associated external works.",In construction,NA,Sep-19,,13/10/2020,Full planning permission,UB3 4QQ,24/06/2020,Commenced,Land at Bulls Bridge Industrial Estate,TRUE,,,5,32.25,5.35,5.35,800,80,62926,62926,44590,,350,26,8,44,62,210,,88,3.98,88
Hillingdon-75111_APP_2025_739,http://planning.hillingdon.gov.uk/OcellaWeb/planningDetails?reference=75111/APP/2025/739,75111/APP/2025/739,keep,,FALSE,ARC Data Centres,,https://www.ark-d-c.com/locations/union-park,"Union Park, UP4 NORTH HYDE GARDENS, HAYES, UB3 4QQ",,,Hillingdon,"Redevelopment of site to deliver extension to existing Union Park data centre campus consisting of (a) free standing data centre building; (b) energy, power, and water infrastructure; (c) site access and internal roads; (d) site security arrangements; (e) hard and soft, green landscaping; and (f) other ancillary and auxiliary forms of development.",Application Under Consideration,NA,10/10/2023,,,Full planning permission,UB3 4QQ,02/04/2025,Application Under Consideration,Union Park UP4,TRUE,,"[{'no_storeys': 4, 'max_height': 35, 'building_ref': 'Data Centre Building (UP4)'}, {'no_storeys': 3, 'max_height': 28, 'building_ref': 'Energy Centre (EC4)'}]",4,35,1.26,,3500,3500,15410,15410,15410,,114,8,2,15,20,69,,29,3.93,29
Hillingdon-78343_APP_2025_719,http://planning.hillingdon.gov.uk/OcellaWeb/planningDetails?reference=78343/APP/2025/719,78343/APP/2025/719,keep,Calculations for both full and outline components of the application. 200 employees of the innovation hub are excluded from the B8 employees,FALSE,Colt Data Centre Services,,,"Hayes Bridge Retail Park and Heathrow Interchange, UXBRIDGE ROAD, HAYES, UB4 0RH",,,Hillingdon,"Hybrid planning application for a four-phased redevelopment to deliver a data centre campus comprising of:
Phase 1 - Full planning permission for (a) a data centre building; (b) energy, power, and water infrastructure; (c) site access and internal roads including a vehicular and pedestrian link between Uxbridge Road and Bullsbrook Road; (d) site security arrangements and security fencing; (e) hard and soft, green and blue, infrastructure; and (f) other ancillary and auxiliary forms of development;
Phase 2 - Outline planning permission for (a) an Innovation Hub; (b) hard and soft, green and blue, infrastructure; and (c) other ancillary and auxiliary forms of development (all matters reserved);
Phase 3 - Outline planning permission for (a) a data centre building; (b) energy, power, and water infrastructure; (c) internal roads; (d) site security arrangements and security fencing; (e) hard and soft, green and blue, infrastructure; and (f) other ancillary and auxiliary forms of development (all matters reserved); and
Phase 4 - Outline planning permission for (a) a data centre building; (b) energy, power, and water infrastructure; (c) internal roads; (d) site security arrangements and security fencing; (e) hard and soft, green and blue, infrastructure; and (f) other ancillary and auxiliary forms of development (all matters reserved).",Application Under Consideration,NA,13/11/2023,,,Full planning permission,UB4 0RH,28/03/2025,Application Under Consideration,Hayes Bridge Retail Park and Heathrow Interchange,TRUE,,"[{'no_storeys': 6, 'max_height': 41.6, 'building_ref': 'LON6'}]",6,56,4.4,,17209,17209,109185,109185,107185,SG,130,,,,,,,,,
Tower_Hamlets-PA_24_00813_NC,https://development.towerhamlets.gov.uk/online-applications/simpleSearchResults.do?action=firstPage,PA/24/00813/NC,keep,Equipment room to provide supporting equipment for the use of data storage for various mobile network operators,TRUE,,,enterprise,"Unit 100, Cannon Workshops, 3 Cannon Drive, London, E14 4AS",,,Tower Hamlets,Listed Building Consent for a proposed data storage main equipment room with following works.40no. 600x600mm Cabinets6no. Distribution Boards4no. AC 2 950x950 Air Conditioning Units and associated air ductingOverhead Containment trays2no. Backup Power UnitsColt Entry Point for associated cabling to feed through125A 3 Phase Incoming Mains SupplyFalse Ceiling together with fixingsReplacement of a windowpane with a vent Additional door,Completed,NA,,6065017,30/09/2024,,,11/06/2024,Approved,"Unit 100, Cannon Workshops, 3 Cannon Drive, London, E14 4AS",,,,1,5,0.009,,0,,,0,90,,,,,,,,,,,
Hillingdon-49261_APP_2024_2904,http://planning.hillingdon.gov.uk/OcellaWeb/planningDetails?reference=49261/APP/2024/2904,49261/APP/2024/2904,keep,App undecided,FALSE,Unknown. Amazon??,,,"UNIT 4, SILVERDALE INDUSTRIAL ESTATE, SILVERDALE ROAD, HAYES, UB3 3BL",,,Hillingdon,"Demolition of the existing building and structures on site, and all other associated site clearance works. Construction of a data centre building (Class B8) with plant at roof level with an emergency generator (1no.) and associated flue (provided within an external compound adjoining the data centre building), sprinkler tank and pumphouse, security guard house, and provision of one kiosk substation and MV Building. The development also comprises the construction of a new access and internal road and circulation areas, footpaths, provision of car and bicycle parking, hard and soft landscaping and other associated works and ancillary site infrastructure.",Application Under Consideration,NA,17/09/2024,,,Full planning permission,UB3 3BL,01/11/2024,Application Under Consideration,"UNIT 4, SILVERDALE INDUSTRIAL ESTATE",TRUE,TRUE,"[{'no_storeys': 2, 'max_height': 16, 'building_ref': 'Data Centre (maximum height to plant/lift over-run)'}]",2,13.135,0.44,,2278.45,2278.45,1656.7,1656.7,1656.7,,,7,,,4,,,11,,11
Ealing-250949FUL,https://pam.ealing.gov.uk/online-applications/simpleSearchResults.do?action=firstPage,250949FUL,keep,,FALSE,Global Technical Realty,,https://globaltechnicalrealty.com/gtr-announces-gb-two-a-256mw-london-campus/,"International Trading Estate, Trident Way, Southall, UB2 5LF",,,Ealing,"Site clearance and preparation, including demolition of all existing buildings on site and redevelopment of the site to provide: Construction of four data centre units within three buildings of approximately 67.9m AOD in height (Use Class B8, approximately 158,702sqm GEA), four industrial buildings ranging from approximately 41.3m to 46.2m AOD in height (Use Classes B8, B2 and E(g)(iii), approximately 23,389 GEA), central pavilion building of approximately 35m AOD in height (Use Class E(b), approximately 223 GEA), two substations (38.05m AOD in height), associated plant, enclosures and necessary physical security systems, internal roads, servicing, circulation, car and cycle parking and hard and soft landscaping works.  This application is accompanied by an Environmental Statement for the purposes of Environmental Impact Assessment under The Town and Country Planning (Environmental Impact Assessment) Regulations 2017 (as amended).",In construction,NA,,000012160167,19/12/2025,Full planning permission,UB2 5LF,07/03/2025,Granted with S106 conditions,International Trading Estate,FALSE,,"[{'no_storeys': 4, 'max_height': 37.4, 'building_ref': 'Data Centres'}, {'no_storeys': 1, 'max_height': 4.6, 'building_ref': 'Security Guardhouse'}, {'no_storeys': 1, 'max_height': 7.55, 'building_ref': 'Substation Enclosure'}, {'no_storeys': 1, 'max_height': 6, 'building_ref': 'Sprinkler Tanks'}, {'no_storeys': 3, 'max_height': 15.5, 'building_ref': 'Industrial Plot A (Union Works)'}, {'no_storeys': 2, 'max_height': 11.3, 'building_ref': 'Industrial Plot B (Boat Yard)'}, {'no_storeys': 2, 'max_height': 15.3, 'building_ref': 'Industrial Plot C (Jam Factory)'}, {'no_storeys': 1, 'max_height': 4.9, 'building_ref': 'Pavilion Buildings'}, {'no_storeys': 1, 'max_height': 5, 'building_ref': 'District Heating Network/ LV Plant Enclosure'}]",4,37.4,13.03,,0,82756.3,179785,157729,157729,"E(b), B2",1120,340,62,124,232,363,,,3.86,290
Tower_Hamlets-PA_14_00074,,PA/14/00074/A1,keep,"Office use B1 is in another building, but currently it exists as travelodge hotel, not B1",FALSE,Telehouse International Corporation of Europe Ltd,,,"Telehouse Far East, Sites 6 and 8, Oregano Drive, E14",,,Tower Hamlets,"Erection on Site 6 of a new 10 storey data centre building of 66m in height comprising approximately 24,370m2 of floor space including provision of roof top plant and satellite dish; reconfiguration of loading bay area to North building; new first floor bridge link to existing North building; erection on Site 8 of a new 12 storey office development 65m in height comprising approximately 13,283m2 of floor space; provision of car and cycle parking; re-routing of existing cycle path on Sorrel Lane; associated landscaping; provision of security fencing, gates and other associated works. | Telehouse Far East, Sites 6 and 8, Oregano Drive, E14",,,,6648579,23/10/2014,Full planning permission,E14,,Completed,"Telehouse Far East, Sites 6 and 8, Oregano Drive, E14",,,"[{'no_storeys': 12, 'building_ref': None}]",10,62,0.886,0.94,0,0,37653,37653,24370,,149,,,,,,,,,
Hillingdon-1331_APP_2017_1883,,1331/APP/2017/1883,keep,Limited information,FALSE,,,,,,,Hillingdon,"Part demolition of existing factory buildings and associated structures, and redevelopment to provide 1,386 dwellings (Use Class C3). office, retail, community and leisure uses (Use Class A1/A3/A4/B1/B8/D1/D2), 22,663sq.m (GEA) of commercial floorspace (Use Classes B1c/B2/B8 and Data Centre (sui generis)), amenity and playspace, landscaping, allotments, access, service yards, associated car parking and other engineering works.",In construction,NA,,,28/06/2018,Full planning permission,UB3 4QG,,Superseded,Former Nestle Factory,,,"[{'no_storeys': 11, 'building_ref': None}]",4,,12.299,5.1,91000,91000,74655,98429,22663,,,,,,,,,,,
Newham-23_01697_OUT,https://pa.newham.gov.uk/online-applications/applicationDetails.do?keyVal=RYO2PDJYKGS00&activeTab=summary,23/01697/OUT,keep,,FALSE,,,,Land At Former Paint Factory And Central Thameside West North Woolwich Road Silvertown London E16 2AB,,,Newham,"Hybrid planning application for a phased mixed-use redevelopment comprising up to 213,239sqm GEA: 1. Detailed component: a) Site wide enabling works relating to ground works, remediation, raising of site levels, utilities works, security fencing, new accesses to the public highway, and construction of a relocated access road serving Peruvian Wharf; and b) Construction of a 64,203 sqm GEA data centre building (including ancillary office space)(Use Class B8) of up to 63.760m AOD in height, a security gatehouse and sprinkler building; construction of a primary substation; public open space, utilities works, landscaping, security fencing, pedestrian and cycle route, construction of estate roads, cycle and car parking areas and associated access and public realm works. 2. Outline component (all matters reserved): development above raised ground levels to provide up to 144,755 sqm GEA of data centre floorspace (including ancillary office space) (Use Class B8) in two buildings of up to 65m AOD in height; construction of a 2,355 sqm GEA multi-function building of up to 15.5m AOD in height (Use Class E / F1); landscaping, utilities works, construction of estate roads, cycle and car parking areas and associated access.The application affects the setting of Listed Buildings/Structures.This is a Major Planning Application accompanied by an Environmental Statement for the purposes of Environmental Impact Assessment under the Town and Country Planning (Environmental Impact Assessment) Regulations 2017 (as amended). (RECONSULTATION - Amended Description, Plans and Reports.)",In construction,NA,,010096297449,20/12/2024,Outline planning permission: All matters reserved,E16 2AB,28/07/2023,Approved,Land At Former Paint Factory And Central Thameside West,FALSE,TRUE,"[{'no_storeys': 7, 'max_height': 63.76, 'building_ref': 'LCY01 '}, {'no_storeys': 7, 'max_height': 65, 'building_ref': 'LCY02 '}, {'no_storeys': 7, 'max_height': 65, 'building_ref': 'LCY03 '}, {'no_storeys': 2, 'max_height': 15.5, 'building_ref': 'Multi-function building '}]",7,65,8.54,,0,0,212200,205365,205365,,542,117,,103,59,264,,129,4.88,111
Newham-24_00088_FUL,https://pa.newham.gov.uk/online-applications/applicationDetails.do?keyVal=S7B5SDJYHK500&activeTab=summary,24/00088/FUL,keep,,FALSE,,,,Land At Former EMR Site Bidder Street Canning Town London E16 4ST,,,Newham,"Erection of a data centre (Use Class B8), comprising a Data Centre Building of approximately 72.3m AOD in height (approximately 59,923qm GEA including ancillary office space); a Plant Building of approximately 72.3m AOD in height (approximately 30,302sqm GEA), an Energy Centre of approximately 32.4m AOD in height (approximately 4,789sqm GEA), with associated works including landscaping, access, car and cycle parking, and servicing areas.This application is accompanied by an Environmental Statement for the purposes of Environmental Impact Assessment under The Town and Country Planning (Environmental Impact Assessment) Regulations 2017 (as amended).",Application Under Consideration,NA,,010008984031,14/04/2025,Full planning permission,E16 4ST,02/01/2024,Approved,Land At Former EMR Site,FALSE,,"[{'no_storeys': 0, 'max_height': 72.3, 'building_ref': 'Data Centre Building'}, {'no_storeys': 0, 'max_height': 72.3, 'building_ref': 'Plant Building'}, {'no_storeys': 0, 'max_height': 32.4, 'building_ref': 'Energy Centre Building'}]",,72.3,1.974,,0,0,76180,76180,76180,,130,,,,,,,,,
Tower_Hamlets-PA_24_01450_A1,https://development.towerhamlets.gov.uk/online-applications/applicationDetails.do?keyVal=DCAPR145595&activeTab=summary,PA/24/01450/A1,keep,Site opposite Truman Brewery complex. Likely Interxion,FALSE,Digital Realty ,,,"Block A Truman's Brewery, Data Centre, Land at the corner of Grey Eagle Street and Calvin Street, E1",,,Tower Hamlets,"Demolition of existing buildings on site and construction of new building comprising 5,200sqm GIA of Use Class B8 floorspace for use as a data centre, reaching a maximum height of approximately 29m (41.78m AOD).This application is accompanied by an Environmental Impact Assessment (EIA).",Application Under Consideration,NA,,6162105,,Full planning permission,,19/08/2024,Appeal Received,"Land at the corner of Grey Eagle Street and Calvin Street, E1",TRUE,,"[{'no_storeys': 4, 'max_height': 29, 'building_ref': 'Block A, Data Centre'}]",4,29,0.16,,0,0,"5,266","5,266",5266,,20,,,,,,,,,
Islington-P2014_1242_COL,https://planning.agileapplications.co.uk/islington/application-details/387057,P2014/1242/COL,remove,No sign of present use as a data centre,TRUE,Turley,,,"21-27 Tabernacle Street, London, EC2A 4DE",,,Islington,Certificate of Lawfulness for existing use of the property as a telecommunications switch hub with associated data storage and disaster recovery space (Sui Generis use).,,,,5300089440,03/06/2014,,EC2A 4DE,01/04/2014,Insufficient Fee,,FALSE,,,,,,,,,,,,,,,,,,,,,,
Islington-P2021_2555_FUL,https://planning.agileapplications.co.uk/islington/application-details/507491,P2021/2555/FUL,keep,BAI Communications has been commissioned by the GLA (via TfL) to deliver the IT and technical infrastructure required to deliver fast and reliable 5G wifi and mobile communications for the London Underground system,TRUE,TFL,,,"138-140 Basement, Old Street, London, EC1V 9BJ",,,Islington,"Proposed change of use of basement from Office (Class E) to Data Centre (Sui Generis), plus installation and adaptation of rooftop plant, plus all associated works and operations.",,,,5300102027,20/12/2021,Full planning permission,EC1V 9BJ,01/09/2021,Completed,,FALSE,,"[{'no_storeys': 0.0, 'max_height': 0.0, 'building_ref': '0'}]",5,,0.045,0.045,352,352,352,352,352,,,,,,,,,,,
Tower_Hamlets-PA_21_02182_A1,https://development.towerhamlets.gov.uk/online-applications/simpleSearchResults.do?action=firstPage,PA/21/02182/A1,keep,"Republic Masterplan Site. Plot 3, data centre, is in the outline stage. B8 sqm is GEA. Employee numbers are likely to include all plots",FALSE,,,,"Mulberry Place Town Hall, 5 Clove Crescent, And Lighterman House, 3 Clove Crescent, London, E14 2BG ",,,Tower Hamlets,"A hybrid planning application for:√øDetailed planning application for works to include: Demolition of existing buildings and structures and the phased erection of buildings, comprising: √øResidential Build to Rent Homes (Use Class C3); Student Accommodation and ancillary facilities (Sui Generis); Flexible Commercial Floorspace (Use Class E); Alterations to the Listed Dock Wall and Dock Gardens to provide new pedestrian connections and improved access; √øAlterations to the existing access road; Associated improvements to streets, open spaces, landscaping and public realm; and Provision of car and bicycle parking spaces and servicing spaces and other works incidental to the proposed development.√øFor the purposes of consultation - The Detailed Phase of the application will include buildings of 30 storeys (102.3 AOD) and 36 storeys (113.7 AOD) delivering 150 Homes and 716 Student Bedrooms. Outline planning application (all matters reserved) for the balance of the site for: √øDemolition of existing buildings and structures; The phased erection of buildings for use as a Data Centre (Use Class B8), Flexible Creative Workspace (Use Class E(g)), Community Space (Class F2), and/or a Swimming Pool (Class F2); and associated infrastructure; streets, open spaces, landscaping and public realm; car and bicycle parking spaces and servicing spaces; Utilities including electricity substations; and other works incidental to the proposed development. This application is accompanied by an Environmental Statement.",Pre-app,NA,,6083017,26/01/2023,Full planning & listed building consent,E14 2BG,30/09/2021,Allowed,"Plot 3, Mulberry Place Town Hall, 5 Clove Crescent, And Lighterman House, 3 Clove Crescent, London, E14 2BG (Republic Masterplan Site)",TRUE,,"[{'no_storeys': 30, 'max_height': 102.3, 'building_ref': 'Detailed Plot 1 Residential Build to Rent'}, {'no_storeys': 36, 'max_height': 113.7, 'building_ref': 'Detailed Plot 2 Residential Student Accommodation '}, {'no_storeys': 10, 'max_height': 82.5, 'building_ref': 'Outline Plot 3 Data Centre'}, {'no_storeys': 6, 'max_height': 33.7, 'building_ref': 'Outline Plot 4  Flexible Creative Workspace'}]",11,79.1,0.45,1.39,,,34500,34500,34500,,308,,,,,,,,,
Brent-22_4185,https://pa.brent.gov.uk/online-applications/applicationDetails.do?keyVal=DCAPR_162990&activeTab=summary,22/4185,add,In 2026 to be extended to 53570 GIA sqm - in construction,FALSE,,,,"JVC Business Park & JVC House, Priestley Way and 717, 719 & 721 North Circular Road, Neasden, London, NW2",522220,187250,Brent,"Full planning application for the proposed development to extend the existing data centre on land to the north of the North Circular Road, incorporating 717 to 721 North Circular Road, including additional land to the rear, subject to Deed of Agreement dated 29th February 2024 under Section 106 of Town and Country Planning Act, 1990, as amended.",In construction,NA,,,01/03/2024,Full planning permission,NW2,,,,,,,5,43.33,1.85,,,,,,53570,,133,,,,,,,133,,
City_of_London-23_00852_FULL,https://www.planning2.cityoflondon.gov.uk/online-applications/applicationDetails.do?activeTab=summary&keyVal=RYT6I5FHLDA00,23/00852/FULL,add,,TRUE,Standard Chartered Bank,,,1 Basinghall Avenue London EC2V 5DD,532564,181489,City of London,,,1988,,,18/10/2023,,,,Approved,,,,,1,3,0.027,,,,,,27,,,,,,,,,,,
Barking_&_Dagenham-18_00161_FUL,https://online-befirst.lbbd.gov.uk/planning/index.html?fa=getApplication&id=15772,18/00161/FUL,keep,"Construction of 2 No. Data Centres (9,263 and 14,490 square metres GEA)",FALSE,NTT Data Centre,,https://services.global.ntt/en-us/services-and-products/global-data-centers/global-locations/emea/london-1-data-center,"London East Business And Technical Park Yewtree Avenue, Dagenham, Barking And Dagenham, RM10 7XS",,,Barking & Dagenham,"Erection of two data centre buildings (Use Class B8), with ancillary plant, offices, gatehouse, electrical sub-stations, fuel storage, car parking, site fencing, landscaping and other associated works.",Completed,2025,2017,100101450,12/09/2018,Full planning permission,RM10 7XS,05/02/2018,Lapsed,London East Business And Technical Park,TRUE,,,3,17300,7.54,,0,0,"52,797.30","52,797.30",52797.3,,150,14,,30,66,40,,62,2.42,62
Enfield-18_04024_FUL,https://planningandbuildingcontrol.enfield.gov.uk/online-applications/applicationDetails.do?activeTab=summary&keyVal=PGQYBRJNMDH00,18/04024/FUL,keep,,FALSE,ARC Data Centres,,https://www.ark-d-c.com/locations/meridian-park,"Meridian Park, 10 Ardra Road, London, N9 0BD",535732,193000,Enfield,"Installation of plant and machinery involving external gantry, standby generators , switch room, substation, roof louvers gantry together with external alterations to include replacement cladding and installation of additional windows and doors.",Completed,2020,NA,,01/02/2019,Full planning permission,N9 0BD,,Completed,,,,,2,,1.98,,,,,,,,,,,,,,,,,
Hounslow-P_2007_3926,https://planningandbuilding.hounslow.gov.uk/NECSWS/ES/Presentation/Planning/OnlinePlanning/OnlinePlanningOverview?applicationNumber=P%2F2007%2F3926&guid=6dca7f98-570d-401d-983c-6453da2b16c6#,P/2007/3926,remove,"Former data centre, the site is now derelict, sold in 2020",TRUE,British Airways,,,"British Airways Cranebank Silver Jubilee Way, Hounslow, London, TW4 6JR",,,Hounslow,Installation of three new satellite dishes and TV aerial to Block 1 of existing data centre.,,,,,,,,,,,,,,,,,,,,,,,,,,,,,,,,,
Bromley-19_04182_FULL1,https://planningaccess.bromley.gov.uk/pr/s/detail/a0lTv0000023JWXIA2?c__r=Arcus_BE_Public_Register,19/04182/FULL1,keep,"The facility operates on the building, but the redevelopment has not been implemented",TRUE,Dajon Data Management Ltd,,https://www.dajon.co.uk/,"Stanbridge Limited, Cray Valley Road, Orpington, BR5 2UB",,,Bromley,Alterations and additions to existing building including replacement roof and wall cladding to facilitate a data/records processing/management centre (Mixed Use Class B1/B2/B8) - similar development as approved for replacement building under DC/18/03419/FULL1,Completed,2019,,010003628052,03/04/2020,Full planning permission,BR5 2UB,25/11/2019,Approved,Stanbridge Limited,FALSE,,,2,7.8,0.149,,74.87,74.87,1180.24,1180.24,925.9,,20,,,,,,,,,
Tower_Hamlets-PA_21_00615_NC,https://development.towerhamlets.gov.uk/online-applications/applicationDetails.do?activeTab=summary&keyVal=DCAPR_134647,PA/21/00615/NC,keep,,FALSE,Digital Realty ,,https://www.digitalrealty.com/data-centers/emea/london/lon3,"Block D, Trumans Brewery, 91 Brick Lane, London, E1 6QL",,,Tower Hamlets,Erection of 14 no. 1.2m diameter satellite dishes and associated supporting platform at roof level and cable ladder on east elevation of existing data centre building,Completed,2019,,6151764,27/05/2021,Full planning permission,E1 6QL,09/04/2021,Approved,"Block D, Trumans Brewery, 91 Brick Lane, London",FALSE,,"[{'no_storeys': 0, 'max_height': 0, 'building_ref': 'N/A'}]",6,29.753,0.0714,,0,0,0,0,1850,,32,12,6,,,1,13,7,4.57,7
Tower_Hamlets-PA_10_02346_NC,https://development.towerhamlets.gov.uk/online-applications/simpleSearchResults.do?action=firstPage,PA/10/02346/NC,keep,"Referred to in other Truman Brewery applications as having a data centre, but it is not reflected in the planning applications. Possible data loss. Keep only for location",FALSE,Digital Realty ,,,"Z Block Undercroft, The Old Truman Brewery, 91 Brick Lane, E1",,,Tower Hamlets,"Variation of conditions 2 (development to be carried out in accordance with approved documents) and 3 (cycle parking to be implemented prior to first occupation of development) of planning permission dated 8th July 2010, reference PA/10/1018 for change of use of undercroft to office (Use Class B1, 890 square metres); enclosure of space with new glazed curtain wall and provision of new pavement to provide level access.",Completed,2019,,,,,,,Permit,,,,,,,,,,,,,,,,,,,,,,,,
Camden-2022_3535_P,https://planningrecords.camden.gov.uk/NECSWS/PlanningExplorer/Generic/StdDetails.aspx?PT=Planning%20Applications%20On-Line&TYPE=PL/PlanningPK.xml&PARAM0=602080&XSLT=/NECSWS/PlanningExplorer/SiteFiles/Skins/camden/xslt/PL/PLDetails.xslt&FT=Planning%20Application%20Details&PUBLIC=Y&XMLSIDE=/NECSWS/PlanningExplorer/SiteFiles/Skins/camden/Menus/PL.xml&DAURI=PLANNING,2022/3535/P,keep,"UCL’s data centre at sub-basement level which supports various UCL
departments in the vicinity, since 2018, see 2014/7526/P",TRUE,UCL,,,1-19 Torrington Place London WC1E 7HB ,,,Camden,"Temporary change of use for a period of up to 10 years for flexible office E(g)(i) and education F1(a) (excluding retail and other commercial units on Tottenham Court Road frontage, the data centre at basement and part ground floor levels and the UKPN substation).",Completed,2018,,5083689,07/02/2024,Full planning permission,WC1E 7HB,17/08/2022,Commenced, ,FALSE,,"[{'no_storeys': 0.0, 'max_height': 0.0, 'building_ref': '0'}]",3,,0.17,0.17,0,0,0,0,3198,"B1a, D1",5,,,,,,,,,
Camden-2012_2752_P,https://planningrecords.camden.gov.uk/Northgate/PlanningExplorer/DisplayAppDetails.aspx?AppNo=2012/2752/P,2012/2752/P,remove,Not a data centre,FALSE,,,,,,,Camden,Use of ground floor retail unit (Class A1) as an internet cafe and data-controlled administrative booking office for private hire vehicles (Sui Generis) (Retrospective).,,,,5057038,23/07/2012,Full planning permission,NW1 8QU,30/05/2012,Commenced,Former 4,FALSE,,"[{'no_storeys': None, 'building_ref': None}]",,,,0.002,26,26,26,26,,,,,,,,,,,,
Ealing-224110OPDFUL,https://pam.ealing.gov.uk/online-applications/PLAN/224110OPDFUL;,224110OPDFUL,keep,"Includes all units 9-12, although the application only covers 9-11",FALSE,Colt Data Centre Services,,https://www.coltdatacentres.net/en-GB/our-locations/data-centre-locations-europe/london-west,Units 9-12 Powergate Business Park Volt Avenue Park Royal London NW10 6PW,,,Ealing,"Provision of external tanks and pump rooms, new external pipe runs and new louvres to existing windows to east elevation; all works ancillary to operation of existing Data Centre (Retrospective Application)",Completed,2018,,000012141030,26/01/2023,Full planning permission,NW10 6PW,14/09/2022,Approved,Units 9-12,FALSE,,,2,10.8,3.377,,,,"9,553","9,553",9553,,35,,,,,,,,,
Ealing-PP_2014_5423,https://pam.ealing.gov.uk/online-applications/PLAN/PP/2014/5423;,PP/2014/5423,remove,known cluster - remove,FALSE,,,,,,,Ealing,"Variation of condition 2 (Approved Plans), condition 16 (Cycle Spaces), condition 17 (Car Parking), Condition 23 (Energy Report) and Condition 25 (Photovoltaic Panels) to account for a minor material amendment including changes to the proposed feature cladding to the hotel, increasing the number of guest rooms from 158 to 168, a revision to the entrance area and canopy, introduction of roof top plant, introduction of clad plant boxed and minor revisions to the car park layout to planning permission P/2011/3529 dated 04/07/012 for the  Hybrid Planning Permission for the Demolition of the existing buildings on the site and full planning permission for the development of a part one/part seven storey building to create a 158 bedroom hotel (C1 use class) with a total Gross Internal Area (GIA) of 6850 square metres on the western part of the site fronting onto the A40 Western Avenue and Masons Green Lane, with associated parking, public realm improvements and landscaping. Redevelopment of remainder of the site (0.4 hectares) to provide employment uses, comprising of an indicative office (B1 use class) and associated landscaping, public realm improvements, car and cycle parking, with an approximate GIA of 1870 square metres and an indicative Data Entry Centre (B8 use) and associated landscaping, car and cycle parking with an approximate GIA of 4980 square metres located towards the rear of the site (Outline Planning Permission - Access being sought with Layout, Scale, Appearance and landscaping matters to be reserved)
",,,,000012130533,28/01/2015,,W3 0TA,07/10/2014,Approved,628 Western Avenue,TRUE,,,,,,,,,,,,,,,,,,,,,,
Ealing-P_2011_3529,https://pam.ealing.gov.uk/online-applications/PLAN/P/2011/3529;,P/2011/3529,keep,Data centre was an outline component of the application. There us an existing data centre north of the site - no information regarding it,FALSE,,,,,,,Ealing,"Hybrid Planning Permission for the Demolition of the existing buildings on the site and full planning permission for the development of a part one/part seven storey building to create a 158 bedroom hotel (C1 use class) with a total Gross Internal Area (GIA) of 6850 square metres on the western part of the site fronting onto the A40 Western Avenue and Masons Green Lane, with associated parking, public realm improvements and landscaping. Redevelopment of remainder of the site (0.4 hectares) to provide employment uses, comprising of an indicative office (B1 use class) and associated landscaping, public realm improvements, car and cycle parking, with an approximate GIA of 1870 square metres and an indicative Data Entry Centre (B8 use) and associated landscaping, car and cycle parking with an approximate GIA of 4980 square metres located towards the rear of the site (Outline Planning Permission - Access being sought with Layout, Scale, Appearance and landscaping matters to be reserved).
",Not built,,,000012130533,25/07/2012,,W3 0TA,18/08/2011,Approved,628 Western Avenue,TRUE,TRUE,,,,1.453,,,,,,5000,,,,,,,,,,,
Ealing-P_2008_3284,https://pam.ealing.gov.uk/online-applications/PLAN/P/2008/3284;,P/2008/3284,keep,Unclear site history. Data centre size and employment not stated. 191968FUL and 190110NMA - subsequent applications for this site - do not give more detail. Part of site was reclassified into recording studios. Keep only for location,FALSE,,,,22 -24 Uxbridge Road,,,Ealing,"Erection of part 5, 6 and 9 storey building with mezzanine floor and basement to form 165 bed hotel with ancillary restaurant/bar and 3434 square metres of B1(a) data centre/office accommodation; alteration to western vehicular access and closure of eastern vehicular access; provision of 39 car parking spaces (including 14 disabled spaces); cycle parking, loading bay and associated landscaping",,,,12175306,13/01/2009,Full planning permission,W5 2RJ,28/08/2008,Completed,22 -24 Uxbridge Road,,,"[{'no_storeys': None, 'building_ref': None}]",,,0.3410000000000001,,,,,,,,,,,,,,,,,
Bexley-23_00960_FUL,https://pa.bexley.gov.uk/online-applications/simpleSearchResults.do?action=firstPage,23/00960/FUL,keep,"Built earlier in 2017, see 16/03066/FUL",FALSE,OVH,,,"Unit 8, Viking Way, Erith, Kent, DA8 1EW",,,Bexley,"Installation of 8 new dry coolers, a generator, transformer, plant container and associated works and pond to the existing data centre.",Completed,2017,,010011862607,02/10/2023,Full planning permission,DA8 1EW,27/04/2023,Approved,Unit 8,FALSE,,,2,7,0.03,,0,0,4104,4104,4104,,17,,,,,,,,,
Tower_Hamlets-PA_22_01982_A1,https://development.towerhamlets.gov.uk/online-applications/simpleSearchResults.do?action=firstPage,PA/22/01982/A1,keep,"Ground floor of a residential tower. The heat is not reused - the units were repurposed from B1 use. Data centre is relocated from the nearby warehouse, see PA/24/00576/NC",FALSE,Colt Data Centre Services,,,"1, 2, 3, 4, 5, 6, Astoria Way, London, E14 9FT",,,Tower Hamlets,"Change of use of existing light industrial units 1-6 (originally consented as B1/B2 use. B1 subsequently re-categorised from 1st September 2020 as Class E(g)), totalling 490 m√Ω to data centre use (B8 - storage and distribution). The application also includes construction of an external generator and sub-station compound alongside the existing Energy Centre building and changes to the appearance of the light industrial units to replace existing industrial doors with new insulated metal cladding, external doors and ventilation louvre screens and installation of external air conditioning plant in acoustic enclosures.",Completed,2017,,6715240,24/01/2023,Full planning permission,E14 9FT,29/09/2022,Approved,"1, 2, 3, 4, 5, 6,  Astoria Way, London, E14 9FT",FALSE,,"[{'no_storeys': 0, 'max_height': 0, 'building_ref': 'n/a'}]",1,,0.1128,,648,648,610,610,490,"B1, C3",,,,2,,5,,7,,7
OPDC-P_2011_3529,,P/2011/3529,remove,Unable to find the application,FALSE,,,,,,,OPDC,"Hybrid Planning Permission for the Demolition of the existing buildings on the site and full planning permission for the development of a part one/part seven storey building to create a 158 bedroom hotel (C1 use class) with a total Gross Internal Area (GIA) of 6850 square metres on the western part of the site fronting onto the A40 Western Avenue and Masons Green Lane, with associated parking, public realm improvements and landscaping. Redevelopment of remainder of the site (0.4 hectares) to provide employment uses, comprising of an indicative office (B1 use class) and associated landscaping, public realm improvements, car and cycle parking, with an approximate GIA of 1870 square metres and an indicative Data Entry Centre (B8 use) and associated landscaping, car and cycle parking with an approximate GIA of 4980 square metres located towards the rear of the site (Outline Planning Permission - Access being sought with Layout, Scale, Appearance and landscaping matters to be reserved).",,,,,25/07/2012,Full planning permission,W3 0TA,,Completed,628,,,"[{'no_storeys': None, 'building_ref': None}]",,,1.453,1.46,12243,12243,6850,8720,,,,,,,,,,,,
Croydon-19_00539_FUL,https://publicaccess3.croydon.gov.uk/online-applications/simpleSearchResults.do?action=firstPage,19/00539/FUL,keep,low-latency,FALSE,Pulsant,,https://www.pulsant.com/colocation-south-london-datacentre,"Unit 1, 35 Imperial Way, Croydon, CR0 4RR",,,Croydon,"Erection of an outbuilding to provide an external electrical switchroom for the existing data centre, installation of plant access doors, landing platform, and replacement extraction units, associated alterations",Completed,2016,,010014056602,12/04/2019,,CR0 4RR,27/02/2019,Approved,"Unit 1 
35 Imperial Way
Croydon
CR0 4RR",FALSE,TRUE,,2,7,0.422,,0,,"3,282","3,282",3282,,,,,,,,,,,
OPDC-P_2002_1702,,P/2002/1702,remove,Unable to find the application,FALSE,,,,,,,OPDC,Change of use from storage/distribution to telecom data centre.,,,,,07/03/2003,Full planning permission,NW10 6LU,,Completed,55,,,"[{'no_storeys': None, 'building_ref': None}]",,,,0.001,0,0,11130,11130,,,,,,,,,,,,
OPDC-PP_2010_3463,,PP/2010/3463,remove,Unable to find the application,FALSE,,,,,,,OPDC,"Change of use of Unit 2 from Storage & Distribution Centre (Use Class B8) to Data Storage Centre (Sui Generis); installation of new internal mezzanine floor, extensions to Unit 1 to create plant and cooling equipment, expansion plant, new curved roof to Unit 2, new offices, delivery block, bridged link between Units 1 & 2, new sub-station building to northern boundary and security fencing",,,,,10/12/2010,Full planning permission,NW10 6PW,,Completed,Units 1 & 2 Powergate Business Park,,,"[{'no_storeys': None, 'building_ref': None}]",,,2.064,3.21,19022,19022,31847,31847,,,,,,,,,,,,
OPDC-P_2008_1739,,P/2008/1739,remove,Unable to find the application,FALSE,,,,,,,OPDC,"Installation of generators, chillers, transformers, pump room, fuel tank and electricity substation and formation of refuse storage area within car park and yard of warehouse and erection of replacement and new fencing in conjunction with the use of the warehouse as a data centre (sui-generis use)",,,,,29/07/2008,Full planning permission,NW10 7ST,,Lapsed,309,,,"[{'no_storeys': None, 'building_ref': None}]",,,0.632,0.63,3250,3250,4750,4750,,,,,,,,,,,,
Ealing-P_2011_2000,https://pam.ealing.gov.uk/online-applications/applicationDetails.do?activeTab=summary&keyVal=ZZZW6CJMTA415,P/2011/2000,keep,,FALSE,,,,Units 1 & 2 Perivale Industrial Park Horsenden Lane South Perivale Middlesex UB6 7RL Greenford,,,Ealing,"Construction of building to be used as data centre (Use Class Sui-Generis)  with ancillary car parking, substation and switch building, refuse storage, landscaping works and plant area (following demolition of existing buildings)",Not built,,,,10/08/2011,Full planning permission,UB6 7RL,11/05/2011,Lapsed,Unit 1 & 2 Perivale Industrial Park,,,"[{'no_storeys': None, 'building_ref': None}]",2,8,0.774,0.774,6707,6707,2775,2775,2775,,,,,,,,,,,
OPDC-PP_2015_0516,,PP/2015/0516,remove,Unable to find the application,FALSE,,,,,,,OPDC,Construction of 280sqm extension to existing building for use as additional data space linked to the existing building by a high level service bridge (involving the removal of 12 car parking spaces and the relocation of the existing waste compound to the eastern site boundary),,,,,27/03/2015,Full planning permission,NW10 6PW,,Commenced,Powergate Business Park,,,"[{'no_storeys': None, 'building_ref': None}]",,,0.915,0.89,0,0,280,560,,,,,,,,,,,,
Tower_Hamlets-PA_20_02381_NC,https://development.towerhamlets.gov.uk/online-applications/simpleSearchResults.do?action=firstPage,PA/20/02381/NC,keep,,FALSE,Echelon,,https://echelon-dc.com/lcy10/,"2-4 Greenwich View Place, London, E14 9NN",,,Tower Hamlets,Extension of existing data centre by an additional storey,Completed,2016,,6063832,30/09/2021,Full planning permission,E14 9NN,07/12/2020,Lapsed,"2-4 Greenwich View Place, London, E14 9NN",FALSE,,,5,24.35,0.4983,,0,0,4360,4360,14727,,61,,,,,6,,31,1.97,31
Enfield-TP001640,,TP/00/1640,remove,Application not found,FALSE,,,,,,,Enfield,Redevelopment of site by the demolition of existing industrial unit and erection of a data centre.,,,,,04/09/2001,Full planning permission,EN3,,Completed,59,,,"[{'no_storeys': None, 'building_ref': None}]",,,0.222,0.001,2075,2075,4562,4562,,,,,,,,,,,,
Greenwich-23_2981_F,https://planning.royalgreenwich.gov.uk/online-applications/applicationDetails.do?activeTab=summary&keyVal=_GRNW_DCAPR_117441&activeTab=summary,23/2981/F,remove,Application irrelevant,FALSE,,,,,,,Greenwich,"Temporary planning permission is sought for a period of five (5) years for the change of use of an existing warehouse from a data centre (Use Class B8)√ø to a laundry facility (Use Class B2) to include the removal of ventilation units, installation of a water storage unit, full refurbishment of the interior fit out, installation of new windows to northern facade for proposed office space, ventilation flues for boiler units and associated cycle parking",,,,10010220020,05/03/2024,Full planning permission,,25/10/2023,Withdrawn,"ANCHORAGE POINT, 90 ANCHOR AND HOPE LANE, CHARLTON, SE7 7SQ",FALSE,,,,,0.489,,0,0,0,0,,,,,,,,,,,,
LLDC-13_00534_FUM_13_00536_COU,,13/00534/FUM/13/00536/COU,remove,Unable to find the application,FALSE,,,,"Areas of iCITY are within Hackney Wick
(LLDC planning authority area)",,,LLDC,"13/00534/FUM: Modification and changes of use to the International Broadcast Centre (IBC) (including retention of the Gantry on Waterden Road) to provide flexible business/studio floorspace (Class B1), data centre (Class B8), education space (Class D1); creation of new floorspace in the Gantry for flexible uses (Classes B1/A1, A3, A4, A5); creation of mezzanines (Classes B1 and B8); retention of the Main Media Conference Room (MMCR) to provide a conference space (Class D2); retention of bridge structures; external alterations to the buildings; use of up to 307 spaces in the Multi Storey Car Park (MSCP) to serve the IBC and MMCR;  cycle parking; landscape and public realm; use of central open space, including events; pedestrian and vehicular access; servicing; minor highway works within the application boundary; installation of plant and equipment; and associated works.   13/00536/COU: Modification of the Main Press Centre comprising: external alterations to the building; introduction of retail canopies; changes of use of parts of the building from use classes B1(a), B1(b), B1(c), B2 or B8 to conference space (Class D2) and for retail uses (Class A1, A3, A4, A5); servicing, pedestrian and vehicular access; and associated works.",,,,,20/03/2014,Full planning permission,E9,,Completed,"Areas of iCITY are within Hackney Wick
(LLDC planning authority area)",,,"[{'no_storeys': None, 'building_ref': None}]",,,8.194,11.57,92305,92305,115755,164990,36244,,,,,,,,,,,
Havering-P1251.23,http://development.havering.gov.uk/OcellaWeb/planningDetails?reference=P1251.23,P1251.23,remove,,FALSE,Green Mountain,,,"3 King George Close, Romford London RM7 7PN",,,Havering,Change of use of building from manufacturing to plant and machinery facility ancillary to the main data centre use and associated external alterations.,,,,,06/10/2023,Full planning permission,RM7 7PN,11/08/2023,Approved,"3 King George Close, Romford",FALSE,,,,,0.544,,0,0,31.5,31.5,,,,,,,,,,,,
Havering-P0614.20,http://development.havering.gov.uk/OcellaWeb/planningDetails?reference=P0614.20,P0614.20,keep,,FALSE,Green Mountain,,https://greenmountain.no/data-center/lon-east/,5 King George Close Romford RM7 7PN,,,Havering,New data storage development consisting of new data storage warehouse and new emergency  energy centre building P1137.11 (Condition 4),Not built,,,10091577711,14/01/2021,Undefined,RM7 7PN,05/05/2020,Approved,5 King George Close,FALSE,TRUE,-,2,13,1.598,1.598,0,0,11540,#REF!,10628,B1,,6,,6,,,,40,,40
Havering-P1137.11,,P1137.11,remove,Known cluster,FALSE,,,,,,,Havering,New data storage development consisting of new data storage warehouse and new emergency energy centre building.,,,,,23/01/2012,Full planning permission,RM7 7PN,,Lapsed,Former Hubbinet Industrial Estate,,,"[{'no_storeys': None, 'building_ref': None}]",,,1.552,1.553,15300,15300,11585,12540,,,,,,,,,,,,
Havering-P1169.25,http://development.havering.gov.uk/OcellaWeb/planningDetails?reference=P1169.25,P1169.25,remove,,FALSE,Green Mountain,,,3 King George Close Romford RM7 7PN,,,Havering,Erection of a rear extension to the existing data centre to provide a goods lift and modular loading bay,,,,10096015992,26/11/2025,Full planning permission,RM7 7PN,17/09/2025,Approved,3 King George Close,FALSE,,,,,0.59,,0,0,292.5,292.5,,,,,,,,,,,,
Enfield-15_03516_FUL,https://planningandbuildingcontrol.enfield.gov.uk/online-applications/applicationDetails.do?activeTab=summary&keyVal=NS6ZH5JN28000,15/03516/FUL,add,,TRUE,NHS,,,Chase Farm Hospital The Ridgeway EN2 8JL,531297,198151,Enfield,"Erection of a detached single storey modular data centre adjacent to the existing multi storey car park, with external wall mounted air conditioning units to north east elevation.",Completed,2015,,,23/09/2015,Full planning permission,EN2 8JL,,,,,,,1,4.4,0.154,,,,24,24,24,,,,,,,,,,,
Hillingdon-71554_APP_2025_47,http://planning.hillingdon.gov.uk/OcellaWeb/planningDetails?reference=71554/APP/2025/47,71554/APP/2025/47,remove,known campus - remove,FALSE,,,,"UNIT 1, HEATHROW INTERCHANGE, BULLSBROOK ROAD, HAYES",,,Hillingdon,Redevelopment of the site to deliver a substation in connection with the permitted and emerging Data Centre Campus.,,,,,19/03/2025,Full planning permission,,08/01/2025,Approved,UNIT 1 HEATHROW INTERCHANGE,TRUE,,"[{'no_storeys': 2, 'max_height': 12.41, 'building_ref': 'Control Room'}, {'no_storeys': 1, 'max_height': 9.1, 'building_ref': 'Transformer Block'}]",,,0.385055,,2200,2200,240,240,,,,,,,,,,,,
Hillingdon-37977_APP_2006_795,https://planning.hillingdon.gov.uk/OcellaWeb/planningDetails?reference=37977/APP/2006/795&from=planningSearch,37977/APP/2006/795,remove,application was superseded,FALSE,,,,"PLOT 3, STOCKLEY PARK (PHASE 3) HORTON ROAD YIEWSLEY",,,Hillingdon,"ERECTION OF A DATA CENTRE WITH ANCILLARY PLANT INCLUDING A SUBSTATION, CAR PARKING, LANDSCAPING AND ASSOCIATED ANCILLARY WORKS.",,,,,30/01/2007,Full planning permission,UB11,,Lapsed,"PLOT 3, STOCKLEY PARK (PHASE 3)",,,"[{'no_storeys': None, 'max_height': None, 'building_ref': None}]",,,1.321,1.36,0,0,18135,18135,18135,,,,,,,,,,,
Hounslow-P_2011_3272,https://planningandbuilding.hounslow.gov.uk/NECSWS/ES/Presentation/Planning/OnlinePlanning/OnlinePlanningOverview?applicationNumber=P%2F2011%2F3272&guid=6dca7f98-570d-401d-983c-6453da2b16c6,P/2011/3272,keep,,FALSE,Virtus,,https://virtusdatacentres.com/locations/uk/london/hayes-campus,"Unit 9, Trade City, Behind, Hayes Rd, Hounslow, Hayes, Southall UB2 5BE",510620,178771,Hounslow,"Erection of a 15,893 sq.m, three storey data centre warehouse with associated parking, single storey gatehouse, new access road, and access onto Hayes Road",Completed,2014,,1.00024E+11,29/03/2012,Full planning permission,UB2 5XU,02/12/2011,Completed,Western International Market,,,"[{'no_storeys': None, 'building_ref': None}]",3,18,1.06,,,,"15,893","15,893",15893,,12,,,,,6,,,,
Hounslow-C_2020_2124,https://planningandbuilding.hounslow.gov.uk/NECSWS/ES/Presentation/Planning/OnlinePlanning/OnlinePlanningOverview?applicationNumber=C/2020/2124,C/2020/2124,remove,Application not found,FALSE,,,,,,,Hounslow,"Site clearance and preparation, including the demolition of remaining buildings, and the redevelopment of the site to provide: a new data centre (Use Class B8), two MV Energy Centres (including stand-by generation plant and gas storage), a HV Sub-Station, a visitor reception centre, plant, the creation of a new footpath and cycleway link to the canal towpath, works to the highway, car parking, cycle parking, associated infrastructure, enclosures and necessary physical security systems, hard and soft landscaping (including works to the River Crane) and ancillary uses, as well as associated external works.",,,,,09/09/2020,,,30/06/2020,No Objection to Proposal (OBS only),LAND AT,FALSE,,,,,,,,,,,,,,,,,,,,,,
Hounslow-C_2025_0873,https://planningandbuilding.hounslow.gov.uk/NECSWS/ES/Presentation/Planning/OnlinePlanning/OnlinePlanningOverview?applicationNumber=C/2025/0873,C/2025/0873,remove,Application not found,FALSE,,,,,,,Hounslow,"Site clearance and preparation, including demolition of all existing buildings on site and redevelopment of the site to provide: Construction of four data centre units within three buildings of approximately 67.9m AOD in height (Use Class B8, approximately 158,702sqm GEA), four industrial buildings ranging from approximately 41.3m to 46.2m AOD in height (Use Classes B8, B2 and E(g)(iii), approximately 23,389 GEA), central pavilion building of approximately 35m AOD in height (Use Class E(b), approximately 223 GEA), two substations (38.05m AOD in height), associated plant, enclosures and necessary physical security systems, internal roads, servicing, circulation, car and cycle parking and hard and soft landscaping works. This application is accompanied by an
Environmental Statement for the purposes of Environmental Impact Assessment under The Town and Country Planning (Environmental Impact Assessment) Regulations 2017 (as amended).",,,,,,,,19/03/2025,Application Received,,FALSE,,,,,,,,,,,,,,,,,,,,,,
Hounslow-P_1996_1530,https://planningandbuilding.hounslow.gov.uk/NECSWS/ES/Presentation/Planning/OnlinePlanning/OnlinePlanningOverview?applicationNumber=P/1996/1530,P/1996/1530,remove,Application not found,FALSE,,,,,,,Hounslow,"Erection of 2 storey data building comprising computer hall,servicing area, ancillary storage, workshop and office and a 3 storey plantbuilding to house power and coaling equipment.",,,,,19/11/1996,,,02/08/1996,Approved,,FALSE,,,,,,,,,,,,,,,,,,,,,,
Hounslow-P_2016_0971,https://planningandbuilding.hounslow.gov.uk/NECSWS/ES/Presentation/Planning/OnlinePlanning/OnlinePlanningOverview?applicationNumber=P/2016/0971,P/2016/0971,remove,Repurposed since application,FALSE,,,,"Unit 7, Market Trading Estate Christopher Road, Southall, UB2 5YG",,,Hounslow,Change of use from mixed use (B1/B2/B8) of three units to a single unit in B8 use. Building to be used as a data storage centre with ancillary office accommodation. Addition of cladding and plant and equipment to elevations.,,,,2.00004E+11,23/02/2017,Full planning permission,UB2 5YG,01/03/2016,Lapsed,Unit 7,FALSE,,"[{'no_storeys': None, 'max_height': None, 'building_ref': None}, {'no_storeys': None, 'max_height': None, 'building_ref': None}]",,,,0.36,4984,2492,3455,6910,,,,,,,,,,,,
Tower_Hamlets-PA_13_00803,https://development.towerhamlets.gov.uk/online-applications/applicationDetails.do?keyVal=DCAPR_105956&activeTab=summary,PA/13/00803,keep,,FALSE,Digital Realty ,,https://www.digitalrealty.com/data-centers/emea/london/lhr19?utm_medium=organic_search&utm_source=googlebusinessprofile&utm_campaign=GLOB-SEM-ONGOING-GGL-GR-Locations_GBP,"Archway House, 1 Muirfield Crescent and 47 Millharbour, London, E14 9SZ",,,Tower Hamlets,Change of use from business (Use Class B1) to data centre (Use Class B8) extensions to and refurbishment of Archway House to include two additional floors of data centre use with associated plant.,Completed,2014,,6155368,13/12/2013,Full planning permission,E14,,Completed,"Archway House, 1 Muirfield Crescent and 47 Millharbour, London, E14 9SZ",,,"[{'no_storeys': 7, 'building_ref': None}]",7,30,0.217,0.22,10172,5086,9666,9666,9666,,41,12,6,3,20,,,,,
Hounslow-P_2000_1607,https://planningandbuilding.hounslow.gov.uk/NECSWS/ES/Presentation/Planning/OnlinePlanning/OnlinePlanningOverview?applicationNumber=P%2F2000%2F1607&guid=6dca7f98-570d-401d-983c-6453da2b16c6,P/2000/1607,remove,No sign of data centre at the location,FALSE,,,,"Unit 7 Haslemere Heathrow Estate Silver Jubilee Way, Cranford, Middlesex, TW4 6NF",,,Hounslow,Flexible use of the warehouse for use as a data centre with ancillary plant at the rear.,,,,,18/10/2000,Full planning permission,TW4 6NF,,Completed,"UNIT 7, HASLEMERE HEATHROW ESTATE",,,"[{'no_storeys': None, 'building_ref': None}]",,,,0.2,2042,2042,2042,2042,,,,,,,,,,,,
Hounslow-P_2000_1917,,P/2000/1917,remove,Application not found,FALSE,,,,,,,Hounslow,Installation of mezzanine floors and erection of electrical plant and machinery to the rear of the building and extension to the permitted B2/B8 use to include as a data storage facility.,,,,,09/11/2000,Full planning permission,TW14 8RP,,Completed,CARGO 30 BUILDING,,,"[{'no_storeys': None, 'building_ref': None}]",,,0.942,0.001,0,0,6000,6000,,,,,,,,,,,,
Slough-P_06629_020,https://www.sbcplanning.co.uk/search.php,P/06629/020,add,Not in Greater London,TRUE,British Telecommunications PLC,,,"100, Slough Telephone Exchange, Wellington Street, Slough, London SL1 1YW",498194,179795,Slough,"CHANGE OF USE OF BUILDING FROM POSTAL SORTING OFFICE (SUI GENERIS) TO DATA CENTRE (CLASS B8), INSTALLATION OF PLANT AND MACHINERY AND INSTALLATION OF LOUVRES ON ALL ELEVATIONS DEMOLITION OF SINGLE STOREY STRUCTURES AND ERECTION OF NEW BOUNDARY WALL TO THE REAR OF THE SITE.",Completed,2013,,,08/03/2013,Full planning permission,SL1 1YW,, Approved with Conditions,,,,,3,14,,,,,2041,2041,2041,,8,,,,,,,,,
Tower_Hamlets-PA_22_01023_NC,https://development.towerhamlets.gov.uk/online-applications/simpleSearchResults.do?action=firstPage,PA/22/01023/NC,keep,,FALSE,Telehouse International Corporation of Europe Ltd,,,"Telehouse South, 1 Paul Julius Close, London, E14 2EH",,,Tower Hamlets,Refurbishment of existing data centre facility; replacement roof-top plant; new facade treatment; new security gatehouse; alterations to existing SSB building; associated landscaping and ancillary works.,Completed,2013,,6143374,13/01/2023,Full planning permission,E14 2EH,31/05/2022,Approved,"Telehouse South, 1 Paul Julius Close, London, E14 2EH",FALSE,,"[{'no_storeys': 2, 'max_height': 3.5, 'building_ref': 'Security gatehouse'}]",11,,1.181,,0,0,31164,31164,31119,SpecifiedOther,250,,,,,,,,,
Islington-P2021_1761_FUL,,P2021/1761/FUL,remove,Data centre repurposed to office,FALSE,,,,,,,Islington,"Change of use of parts lower ground, ground, first and second floor levels from data centre (Sui Generis) to office (Use Class E).",,,,5300089440,25/02/2022,Full planning permission,EC2A 4DE,16/06/2021,Completed,,FALSE,,"[{'no_storeys': 6.0, 'max_height': 0.0, 'building_ref': 'N/A'}]",,,0.015,0.015,998,998,998,0,,,,,,,,,,,,
Islington-Q2021_3003_DRP,,Q2021/3003/DRP,remove,Application not found,FALSE,,,,,,,Islington,"The proposals include the demolition of the existing Class E office building with B8 data storage center at basement level, and the provision of circa 30,000 sqm (GIA) of Class E office floorspace, with the incorporation of flexible Class E/F1 uses at ground floor level. The Site is allocated for comprehensive redevelopment within the emerging LBI Local Plan. The proposed scheme aims to deliver a best in class modern office building with outstanding sustainability and well-being credentials. 
16th November 2021 First review: ¬£5208.00",,,,5300071604,22/02/2022,,,13/10/2021,Insufficient Fee,Castle House,FALSE,,,,,0.268,,,,,,,,,,,,,,,,,
Islington-P2013_2800_FUL,https://planning.agileapplications.co.uk/islington/application-details/351124,P2013/2800/FUL,keep,"Company activity unclearr, as well as space of the data centre. Cooling towers are large for the building interior. The rest of the building is office.",TRUE,E.ON,,https://www.eon.com/en.html,"47 - 53 Charterhouse Street, Islington, London, EC1M 6PB",,,Islington,The replacement of 10 existing cooling towers with 8 smaller towers; installation of new low level roof mounted plants; installation of replacement internal plant; re-sitting of the existing control room; creation of a new visitor centre and data control centre; temporary removal of the existing doors at nos. 51-53; and creation of a new small atrium at roof level.,Completed,2012,,10001298275,25/11/2013,,EC1M 6PB,01/08/2013,Insufficient Fee,,FALSE,,,,,0.303,,,,,,,,,,,,,,,,,
Islington-P011320,https://planning.agileapplications.co.uk/islington/application-details/268908,P011320,remove,No sign of present use as a data centre,FALSE,,,,,,,Islington,"Change of use of ground floor warehouse to electronic data storage/comms facility (retaining existing office space), including minor elevational changes to Brewery Road and part removal of existing flat roof. 

 APPLICANTS' PLAN NOS.:  LN08760/000A9001; 100A9002-8",,,,MAN00000000000001046468,03/08/2001,Full planning permission,,26/06/2001,Insufficient Fee,,FALSE,,,,,0.145,,,,,,,,,,,,,,,,,
Islington-P2022_2116,,P2022/2116,remove,Not relevant,FALSE,,,,,,,Islington,This application relates to the addresses 36a Islington Green and 1A Camden Walk who are owned by the applicant. There is no function on the Planning portal to input this data.,,,,10010439652,30/06/2022,Full planning permission,N1 8DY,06/06/2022,Application Received,,FALSE,,"[{'no_storeys': 0, 'max_height': 0, 'building_ref': '0'}]",,,0.011,,0,0,0,0,,,,,,,,,,,,
Lewisham-DC9945530,,DC9945530,remove,Application not found,FALSE,,,,,,,Lewisham,The construction of a 5 storey building to provide offices and a data centre.,,,,,11/01/2000,Full planning permission,SE13,,Superseded,"CAR PARK,NORTH OF RIVERDALE OFFICES",,,"[{'no_storeys': None, 'building_ref': None}]",,,,0.001,0,0,9851,19702,,,,,,,,,,,,
Tower_Hamlets-PA_12_01898_NC,https://development.towerhamlets.gov.uk/online-applications/applicationDetails.do?activeTab=documents&keyVal=DCAPR_103430,PA/12/01898/NC,keep,,FALSE,Digital Realty ,,https://www.digitalrealty.com/data-centers/emea/london/lon2,"Block C Truman's Brewery, 91-95 Brick Lane, London, E1 6QL",,,Tower Hamlets,Demolition of the northern two storey section of Block C and erection of a new two storey building to be used as an electricity substation and LV switch room including enlargement of existing basement.,Completed,2012,,,10/10/2012,Full planning permission,E1 6QL,18/06/2012,Permit,"Block C Truman's Brewery, 91-95 Brick Lane, London",,,,,,0.028,,560,560,690,690,690,,,,,,,,,,,
Tower_Hamlets-PA_08_01799,https://development.towerhamlets.gov.uk/online-applications/applicationDetails.do?activeTab=summary&keyVal=DCAPR_60814,PA/08/01799/A1,keep,,FALSE,Telehouse International Corporation of Europe Ltd,,https://www.telehouse.net/data-centre-services/uk/london/telehouse-west/?utm_medium=maps&utm_source=google&utm_campaign=london%20data%20centres,"Telehouse West, Site At East India Dock Site, East India Dock Road, London, E14 2AA",,,Tower Hamlets,"Erection of a new data centre (Sui Generis) comprising 20,080 sqm of floor space consisting of a nine storey technical building and a two storey generator building. Construction of a new first floor bridge link to existing administration building. Erection of a new part 2, part 3 storey EDF primary sub station consisting of 2,197 sqm floor space incorporating partial infilling of an existing concrete lined linear pond. Other works include a new single storey security booth; revised access arrangements; associated landscaping, car parking and other associated works. (REGULATION 19 RESPONSE)",Completed,2010,,6158988,18/02/2009,Full Planning Permission,E14 2AA,27/08/2008,Permit,"Telehouse South, Site At East India Dock Site, East India Dock Road, London, E14 2AA",,,"[{'no_storeys': 9, 'building_ref': None}]",9,55,0.7,,0,0,20080,20080,20080,,115,,,,,,,,,
Newham-20_01187_CLP,https://pa.newham.gov.uk/online-applications/simpleSearchResults.do?action=firstPage,20/01187/CLP,remove,No sign of present use as a data centre,FALSE,,,,Galaxy Business Centre North Crescent Canning Town London E16 4TG,,,Newham,Application for a lawful development certificate for the proposed Data Centre use.,,,,010094880285,13/08/2020,,E16 4TG,22/06/2020,Approved,"Galaxy Business Centre 
North Crescent
Canning Town
London
E16 4TG",FALSE,,,,,,,0,,,0,,,,,,,,,,,,
Tower_Hamlets-PA_17_01653,,PA/17/01653,remove,known campus - remove,FALSE,,,,,,,Tower Hamlets,"Application for a non-material amendment following the grant of planning permission PA/14/02147 dated 21/10/2013. Amendments proposed are for the reconfiguration of roof top plant layout on data centre/office roof space consisting of the installation of 2 generators (previously there were 3), 2 transformers and 8 dry air coolers, 2 heat pumps, 2 air source heat pumps, 1 adiabatic dry air cooler and 1 air handling unit. Amendments to the location and repositioning of roof lantern. ",,,,,05/09/2017,,,20/06/2017, ,"Block C, Trumans Brewery, 91 Brick Lane, London",,,,,,0.124,,,,,,,,,,,,,,,,,
Tower_Hamlets-PA_18_02851_NC,,PA/18/02851/NC,remove,known campus - remove,FALSE,,,,,,,Tower Hamlets,We are seeking your comments on an environmental permit application received from Telehouse International Corporation of Europe Limited for Telehouse Docklands DatacentreCoriander AvenueLondonTower HamletsE14 2AA   ,,,,,29/10/2018,,E14 2AA,02/10/2018,¬†,"Telehouse Docklands Datacentre, Telehouse, Telehouse Europe Ltd Coriander Avenue, London, Tower Hamlets, E14 2AA",,,,,,0.014,,0,,,0,,,,,,,,,,,,
Tower_Hamlets-PA_17_02816_A1,,PA/17/02816/A1,remove,known campus - remove,FALSE,,,,,,,Tower Hamlets,Change of use from light industrial (B1/B2) to data centre facility. Installation of two generator units,,,,,23/02/2018,,E14 9FT,14/11/2017,¬†,"Units 3, 4, 5, 6, 7, 8,  Poplar Business Park, Astoria Way, LONDON, E14 9FT",,,,,,0.051,,0,,,420,,,,,,,,,,,,
Tower_Hamlets-PA_12_02055,https://development.towerhamlets.gov.uk/online-applications/applicationDetails.do?keyVal=DCAPR_103619&activeTab=summary,PA/12/02055/A1,remove,known campus - remove. The dataset has an application for subsequent enlargement of this data centre,FALSE,,,,"2-4, The Point, Greenwich View Place, London, E14 9NN",,,Tower Hamlets,"Demolition of existing office buildings (B1) and the erection of a three storey data centre building (Class B8), landscaping roof level plant and associated works; erection of an enclosed elevated pedestrian link and retention of office building (Unit 3).",,2016,,,07/10/2013,Full planning permission,E14 9NN,,Completed,"2-4, The Point",,,"[{'no_storeys': None, 'building_ref': None}]",,,0.49,0.49,3150,3150,9520,9520,8000,B1,25,,,,,,,,,
Tower_Hamlets-PA_16_01026,,PA/16/01026,remove,known campus - remove,FALSE,,,,,,,Tower Hamlets,"Demolition of existing data centre buildings and the erection of a single 3 storey data centre building landscaping, roof level plant and associated works; erection of an enclosed elevated pedestrian link",,,,6063726,31/10/2016,Full planning permission,E14 9NN,,Completed,1,,,"[{'no_storeys': None, 'building_ref': None}]",,,0.11,0.11,2228,1114,4211,4211,,,,,,,,,,,,
Tower_Hamlets-PA_12_00090,https://development.towerhamlets.gov.uk/online-applications/simpleSearchResults.do?action=firstPage,PA/12/00090/EX,keep,,FALSE,Digital Realty ,,,"Blocks L and N Truman's Brewery, Land within former Truman's Brewery site, Spital Street / Buxton Street, London, E1 6QL",,,Tower Hamlets,"Demolition of the existing store building, sub-station, workshops and boundary wall to Buxton Street and Spital Street up to the Cooperage Building and erection of a 3 storey high data centre with basement accommodation including provision of Use Class B1 enterprise / D1 training floorspace, provision of rooftop satellite dishes, roof mounted mechanical plant, security fencing, cycle parking and provision of two electric charging car parking spaces.",Not built,,,6152936,03/07/2013,Full Planning Permission,E1 6QL,19/01/2012,Lapsed,"Blocks L and N Truman's Brewery. Land within former Truman's Brewery site, Spital Street / Buxton Street",,,,3,18.5,0.36,,800,800,10410,10410,10410,,30,,,,,,,,,
Enfield-LDC_08_0514,https://planningandbuildingcontrol.enfield.gov.uk/online-applications/applicationDetails.do?activeTab=summary&keyVal=ZZZZJGJNXE276,LDC/08/0514,add,,FALSE,Virtus,,https://virtusdatacentres.com/locations/uk/london/enfield-campus,"Virtus 1, Unit 3, 13, Crown Road, Enfield, EN1 1TX",534632,196562,Enfield,Use of premises as data storage unit.,Completed,2010,,,15/01/2009,,EN1 1TX,,Granted,,,,,2,13,1.2874,,,,,,2900,,45,,,,,,,15,3,15
Tower_Hamlets-PA_00_00622,https://development.towerhamlets.gov.uk/online-applications/applicationDetails.do?activeTab=documents&keyVal=DCAPR_17525,PA/00/00622,keep,,FALSE,Telehouse International Corporation of Europe Ltd,,https://www.telehouse.net/data-centre-services/uk/london/telehouse-east/,"Telehouse East, Telehouse Campus, Coriander Avenue, London, E14 2AA",,,Tower Hamlets,Erection of new building to house electrical plant associated with Telehouse facilities,Completed,2010,,,13/07/2000,Full Planning Permission,E14 2AA,03/05/2000,Permit,"Telehouse East, Telehouse Campus, Coriander Avenue, London, E14 2AA",,,,6,35,,,0,0,1320,1320,1320,,70,,,,,,,,,
Hounslow-P_2007_1897,https://planningandbuilding.hounslow.gov.uk/NECSWS/ES/Presentation/Planning/OnlinePlanning/OnlinePlanningOverview?applicationNumber=P%2F2007%2F1897&guid=6dca7f98-570d-401d-983c-6453da2b16c6,P/2007/1897,keep,,TRUE,,,,"Excaliber, Heathrow Gateway, Plot 3 Godfrey Way Hanworth Road, Hounslow, London",,,Hounslow,"Change of use of part of the industrial/warehouse building, and extension of a mezzanine, to extend the existing data centre facilities within the building, together with extension to the western elevation of the building to house 3 generators, and the installation of 2x 50,000 litre underground fuel/oil storage tanks.",Completed,2007,,10001262547,13/09/2007,Full planning permission,TW3 3TU,,Completed,Excaliber Heathrow Gateway Plot 3,,,"[{'no_storeys': None, 'building_ref': None}]",2,10,1.749,1.749,0,0,10710,10710,10710,,6,,,,,,,,,
Ealing-PP_2015_0516,https://pam.ealing.gov.uk/online-applications/PLAN/PP/2015/0516;,PP/2015/0516,keep,"The application responds to the Equinix Data campus, but all applications for these buildings are missing documents. Keep for the location",FALSE,Equinix Data Centre,,https://www.equinix.com/data-centers/europe-colocation/united-kingdom-colocation/london-data-centers/ld9,Unit 1 Powergate Business Park Volt Avenue Park Royal NW10 6PW,,,Ealing,Construction of 280sqm extension to existing building for use as additional data space linked to the existing building by a high level service bridge (involving the removal of 12 car parking spaces and the relocation of the existing waste compound to the eastern site boundary),Completed,2007,,000012141021,27/03/2015,,NW10 6PW,30/01/2015,Approved,Unit 1,TRUE,,,2,10,,,,,,,,,,,,,,,,,,
Tower_Hamlets-PA_25_01998_S,https://development.towerhamlets.gov.uk/online-applications/applicationDetails.do?keyVal=DCAPR149421&activeTab=summary,PA/25/01998/S,remove,known campus - remove,FALSE,,,,,,,Tower Hamlets,"Application for Non-Material amendment to planning permission ref: PA/21/02182, dated 01/12/23 and granted on appeal on 03/10/23 (appeal ref: APP/E5900/W/23/3320336). Non Material amendment(s) Sought: Alteration to approved Description of Development as follows:A hybrid planning application for:Detailed planning application for works to include: demolition of existing buildings and structures and the phased erection of buildings, comprising: residential build to rent homes (use class c3); student accommodation and ancillary facilities (sui generis); flexible 3 commercial floorspace (use class e); alterations to the listed dock wall and dock gardens to provide new pedestrian connections and improved access; alterations to the existing access road; associated improvements to streets, open spaces, landscaping and public realm; and provision of car and bicycle parking spaces and servicing spaces and other works incidental to the proposed development;Outline planning application (all matters reserved) for the balance of the site for: the phased erection of buildings for use as a data centre (use class b8), flexible creative workspace (use class e(g)), community space (class f2), and/or a swimming pool (class f2); and associated infrastructure; streets, open spaces, landscaping and public realm; car and bicycle parking spaces and servicing spaces; utilities including electricity substations; and other works incidental to the proposed development.",,,,6083017,17/12/2025,,,21/11/2025,Approved,"Mulberry Place Town Hall, 5 Clove Crescent, And Lighterman House, 3 Clove Crescent, London, E14 2BG (Republic Masterplan Site)",,,,,,,,,,,,,,,,,,,,,,,
Havering-P0151_12,https://development.havering.gov.uk/OcellaWeb/planningDetails?reference=P0151.12,P0151.12,add,Planning permission was originally approved under reference P1290.07. Data in row is gathered from various references relevant to this site,FALSE,Green Mountain,,https://greenmountain.no/data-center/lon-east/,"3 King George Close, Romford London RM7 7PN",,,Havering,"Amendments to planning permission P1290.07 (as previously amended by P1462.09, P0456.11 and N0021.11) for new equipment to data storage centre, roof openings, generator flues, altered door locations, new access hatch, louvres and new facade and roof modifications",Completed,2007,,,29/02/2012,Undefined,RM7 7PN,03/02/2012,Approved,"3 King George Close, Romford",FALSE,,,2,13.5,3.56,3.56,35600,35600,35600,35600,35600,,,5,1,4,8,,,60,,60
Tower_Hamlets-PA_23_01022_NC,https://development.towerhamlets.gov.uk/online-applications/applicationDetails.do?keyVal=DCAPR141177&activeTab=summary,PA/23/01022/NC,remove,known campus - remove,FALSE,,,,,,,Tower Hamlets,Provision of new SCR (Selective Catalytic Reduction) Units and DPF (Diesel Particulate Filter) Units to the existing stand-by generators serving the data centre elements of the building. Addition of SCR and DPF will improve emissions from the generators. These units are proposed to be housed in weatherproof enclosures on the existing containerised generator roofs behind Building 6-7.,,,,6061543,12/03/2024,Full planning permission,,23/05/2023,Approved,"6-7 Harbour Exchange Square, London, E14 9HE",FALSE,,,,,0.00785,,0,0,0,0,,,,,,,,,,,,
Tower_Hamlets-PA_24_00576_NC,https://development.towerhamlets.gov.uk/online-applications/applicationDetails.do?keyVal=DCAPR143896&activeTab=summary,PA/24/00576/NC,remove,known campus - remove,FALSE,,,,,,,Tower Hamlets,"Change of use of Units 4-6, 7-9, and 23, all within Block C, from a data centre (Use Class B8) to flexible Use Classes E(g)(iii)/B2/B8.",,,,6083190,14/11/2024,Full planning permission,,17/04/2024,Approved,"Poplar Business Park, 10 Prestons Road, London",FALSE,,,,,0.015,,0,969.29,969.29,0,,,,,,,,,,,,
Ealing-P_2004_0759,https://pam.ealing.gov.uk/online-applications/simpleSearchResults.do?action=firstPage,P/2004/0759,keep,See also 194638FUL,FALSE,Kao Data,,https://kaodata.com/locations/northolt,Barclays Data Centre Rowdell Road Northolt UB5 6AG,,,Ealing,"Change of use from industrial/warehouse (B2/B8) to data storage (sui generis), installation of palnt and enclosure in existing service parking yard, alterations to access, and landscaping",Completed,2005,,12128080,19/04/2004,Full planning permission,UB5 6AG,,Completed,Titan,,,"[{'no_storeys': None, 'building_ref': None}]",2,7,0.34,,7150,7150,7150,7150,7150,,,,,,,,,,,
Tower_Hamlets-PA_20_01480_A1,https://development.towerhamlets.gov.uk/online-applications/simpleSearchResults.do?action=firstPage,PA/20/01480/A1,remove,known campus - remove,FALSE,,,,"Global Switch House, 3 Nutmeg Lane, London, E14 2AX",,,Tower Hamlets,Construction of 10 storey power station unit and goods lift between existing stairwells on east facade of the existing Data Centre building. Addition of rooftop chiller units with screening on north east corner of the building.,,,,6150205,05/01/2023,,E14 2AX,18/09/2020,Approved,"Global Switch House, 3 Nutmeg Lane, London, E14 2AX",TRUE,,,,,1.032,,0,,,62934,,,,,,,,,,,,
Tower_Hamlets-PA_21_02777_A1,https://development.towerhamlets.gov.uk/online-applications/applicationDetails.do?keyVal=DCAPR_137028&activeTab=summary,PA/21/02777/A1,keep,GIA increased following amendments,FALSE,Global Switch London,,,"East India Dock House, 240 East India Dock Road, London, E14 9YY",,,Tower Hamlets,"Erection of a data centre (Use Class B8) adjacent to East India Dock House with a connecting bridge over Nutmeg Lane to the existing London East building and other associated works including landscaping, car and cycle parking, refuse storage and lighting.",Not built,,,6085994,20/11/2023,Full planning permission,E14 9YY,13/01/2022,Approved,"East India Dock House, 240 East India Dock Road, London",TRUE,,"[{'no_storeys': 7, 'max_height': 56.8, 'building_ref': 'Building 1'}]",7,56.8,2.05,,0,0,"27,218","27,218",27218,,92,,,,,,,,,
,,,add,"No information, keep for location",TRUE,Morgan Stanley,,"https://www.kipo.co.uk/new-page, https://wheretheinternetlives.wordpress.com/2016/08/09/morgan-stanley-heathrow/, https://www.propertyweek.com/news/morgan-stanley-takes-tyco-heathrow-shed","Unit D, Heathrow Corporate Park, Green Lane, Hounslow TW4 6ER",511490,175410,Hounslow,,Completed,2003,,,,,,,,,,,,,,2.518,,,,,,,,,,,,,,,,,
Hillingdon-18399_APP_2022_411,http://planning.hillingdon.gov.uk/OcellaWeb/planningDetails?reference=18399/APP/2022/411,18399/APP/2022/411,keep,,FALSE,Virtus,,https://virtusdatacentres.com/locations/uk/london/stockley-park-campus,"UNIT D PROLOGIS PARK, STOCKLEY ROAD, WEST DRAYTON, UB7 9FN",,,Hillingdon,"Installation of plant and equipment to unit DC6 including external plant equipment, external louvres and associated security fencing and landscaping, to facilitate use of the building as a data centre.",Completed,2002,,,20/12/2022,Full planning permission,UB7 9FN,10/02/2022,Approved,UNIT D PROLOGIS PARK,FALSE,TRUE,"[{'no_storeys': 1, 'max_height': 12.5, 'building_ref': 'Plant and equipment'}]",2,12.5,1.9,0.9,0,0,0,0,36000,,,,,,,,,20,,20
Westminster-11_03397_FULL,https://idoxpa.westminster.gov.uk/online-applications/simpleSearchResults.do?action=firstPage,11/03397/FULL,remove,Site has been redeveloped since application,FALSE,,,,,,,Westminster,Use of part basement as data centre (Nos. 87-125) (sui generis).,,,,1.00023E+11,25/05/2011,Full planning permission,W1T 6PJ,,Lapsed,87-89,,,"[{'no_storeys': None, 'building_ref': None}]",,,,0.1,3660,3660,3660,3660,,,,,,,,,,,,
Tower_Hamlets-PA_24_01932_A1,https://development.towerhamlets.gov.uk/online-applications/simpleSearchResults.do?action=firstPage,PA/24/01932/A1,keep,,FALSE,Global Switch London,,https://www.globalswitch.com/,"Global Switch House East, 3 Nutmeg Lane, London, E14 2AX",,,Tower Hamlets,"Erection of east and west extensions to existing data centre building, alterations to the north and south fa‚Ä°ades, infill of reception atrium, installation of new flues and plant, upgrade of rooftop chillers and other associated works including landscaping, cycle parking and lighting",Completed,2002,,6150205,24/12/2025,Full planning permission,E14 2AX,10/12/2024,Approved,"Global Switch House, 3 Nutmeg Lane, London, E14 2AX",TRUE,,"[{'no_storeys': 13, 'max_height': 75.6, 'building_ref': 'Data centre building - flues extending 3m above existing maximum height'}]",13,75.6,1,,63541,63541,69829,69829,69829,,84,,,,,,,,,
,,,add,"Acquired by DRT in 2016, Originally opened by IXEurope in 2002, then part of Equinix in 2007 when Equinix acquired IXEurope",FALSE,Digital Realty ,,"https://www.digitalrealty.com/data-centers/emea/london/lhr17, https://www.colo-x.com/data-centre/digital-realty-trust-west-drayton/","West Drayton, 1 Airport Gate Bath Road, Middlesex UB7 0NA",507005,177008,Hillingdon,,Completed,2002,,,,,UB7 0NA,,,,,,,2,,,,,,4000,"4,000",4000,,,,,,,,,,,
,,,add,,FALSE,Digital Realty ,,"https://www.digitalrealty.com/data-centers/emea/london/lhr18, https://www.colo-x.com/data-centre/digital-realty-trust-olivers-yard/","1 Oliver’s Yard, London, EC1Y 1HQ",532840,182343,Tower Hamlets,,Completed,2002,,,,,EC1Y 1HQ,,,,,,,,,,,,,,,2500,,,,,,,,,,,
Hillingdon-38421_APP_2021_4045,http://planning.hillingdon.gov.uk/OcellaWeb/planningDetails?reference=38421/APP/2021/4045,38421/APP/2021/4045,keep,confusion regarding n of jobs,FALSE,Colt Data Centre Services,"https://www.google.com/maps/place/Colt+London+4+Datacentre/@51.5062372,-0.3948337,305a,35y,7.31h,52.2t/data=!3m1!1e3!4m6!3m5!1s0x4876737d6e9f9b5b:0x10c919b03146a927!8m2!3d51.5096353!4d-0.3939833!16s%2Fg%2F11kbwhtg9w?authuser=0&entry=ttu&g_ep=EgoyMDI1MTIwOS4wIKXMDSoKLDEwMDc5MjA2N0gBUAM%3D",https://londoncolocation.com/listing/optimum-data-centres/,LAND AT TUDOR WORKS BEACONSFIELD ROAD HAYES UB4 0SL,,,Hillingdon,"Redevelopment of the site to deliver data centre campus including: two data centre buildings (Use Class B8); associated energy and electricity infrastructure, buildings, and plant; security gatehouse, systems and enclosures; works to the highway, car parking and cycle parking; hard and soft landscaping; as well as associated infrastructure, ancillary office use, and associated external works.",Completed,2001,,,26/04/2022,Full planning permission,UB4 0SL,10/11/2021,Approved,LAND AT TUDOR WORKS,TRUE,TRUE,"[{'no_storeys': 5, 'max_height': 35.6, 'building_ref': 'Building 1'}, {'no_storeys': 5, 'max_height': 35.6, 'building_ref': 'Building 2'}, {'no_storeys': 2, 'max_height': 15.65, 'building_ref': 'Sub Station'}, {'no_storeys': 1, 'max_height': 3, 'building_ref': 'Gate House'}, {'no_storeys': 1, 'max_height': 7, 'building_ref': 'Tank Room'}]",5,38.42,2.12,,13530,13530,38355,38355,37547,,,,,,,,,100,,
Islington-P002628,https://planning.agileapplications.co.uk/islington/application-details/249839,P002628,keep,"Application with no docs attached, information is from the website",FALSE,iomart,,https://www.iomart.com/our-data-centres/central-london-data-centre,"Standard House, 16-22 Epworth Street, EC2A 4DN",,,Islington,"Change of use of the ground floor and basement from B1 to rack mounted storage facilities for computer data transfer 

 APPLICANT'S PLAN NOS.:  001128D-011D, 012C, 031, 101, 111,                         112",Completed,2001,,MAN00000000000000854003,27/03/2001,,EC2A 4DN,02/01/2001,Insufficient Fee,,FALSE,,,,,0.27,,,,1517,1517,1517,,,,,,,,,,,
,,,add,,FALSE,Digital Realty ,,"https://www.digitalrealty.com/data-centers/emea/london/lhr20, https://www.connetu.com/london-data-centres/telecity-digital-realty-sovereign-house","227 Marsh Wall, London E14 9SD",538150,179752,Tower Hamlets,,Completed,2001,,,,,E14 9SD,,,,,,,6,,,,,,,,6200,,,,,,,,,,,
,,,add,,FALSE,Digital Realty ,,"https://www.digitalrealty.com/data-centers/emea/london/lon1, https://www.colo-x.com/data-centre/interxion-lon-1/","Block B, Truman;s Brewery, 11 Hanbury Street (Block B) E1 6QR, United Kingdom",533775,182015,Tower Hamlets,,Completed,2001,,,,,E1 6QR,,,,,,,,,,,,,5400,5400,5400,,,,,,,,,,,
Islington-P2013_1089_FUL,https://planning.agileapplications.co.uk/islington/application-details/337943,P2013/1089/FUL,keep,Data centre relocated to the ground and below ground floors of a new mixed-use development. Residential courtyard on top of the data centre space. No capture of waste heat from the data centre. ,FALSE,Colt Data Centres,,,250 City Road London EC1V 2PU,,,Islington,"Hybrid planning application for demolition of existing buildings and comprehensive redevelopment comprising full planning permission for all elements (other than Block 9 submitted in outline with appearance reserved) for four blocks ranging from 7 to 9 storeys plus two towers of 42 storeys (up to 155m) and 36 storeys (up to 137m), providing up to 995 residential units; commercial floorspace (Class B1) up to 7,600sqm; affordable workspace (Class B1); relocated data centre; flexible retail/financial and professional services/restaurant/caf√©/drinking establishment/health centre floorspace (Class A1/A2/A3/A4/D1) up to 3,650sqm; cr√®che (Class D1); and hotel (Class C1) of up to 190 beds; together with public open spaces, up to 1,223 cycle spaces, 225 car parking spaces and ancillary floorspace within a basement and other associated works. This proposal constitutes a departure from the development plan. This application may affect the character and appearance of a conservation area and the setting of a listed building. Town and Country Planning (Listed Building and Conservation Areas) Act 1990 (as amended); Section 67 and 73. AMENDMENTS RECEIVED 12/07/2013 INCLUDING DAYLIGHT AND SUNLIGHT INFORMATION RELATING TO AQUARELLE HOUSE.",Completed,2000,,10001298046,26/08/2014,Outline planning permission: Some matters reserved,EC1V 2PU,08/04/2013,Commenced,Electricity Sub Station At 250 West Side Of Unit 2,FALSE,,"[{'no_storeys': 42, 'building_ref': None}]",2,,1.949,0.245,28022,15031,11609,19144,1895,"C3, A1, C1, B1, D1",35,,,,,,,,,
Enfield-TP_11_1373,https://planningandbuildingcontrol.enfield.gov.uk/online-applications/applicationDetails.do?previousCaseType=Property&keyVal=ZZZZLAJNXE553&previousCaseNumber=MRU7OI00DT01V&previousCaseUprn=000207134455&activeTab=summary&previousKeyVal=MRU7OI00DT01X,TP/11/1373,add,,FALSE,Sovereign Business Integration plc,,https://sovereign-plc.co.uk/data-centre,"Metropoint 1A, Chalk Lane, Barnet, EN4 9JQ",528062,196362,Enfield,"Refurbishment of ground, first and second floors to make provision for data racking and servicing accommodation, renovation of external elevations including replacement fenestration, installation of external screen panelling, extension to rear of building and 3 x plant enclosure to the south and east, erection of extension to provide new entrance lobby and installation of refuse storage to north elevation, extension to northern staircase on west elevation up to roof height, mezzanine deck for plant including louvered screen to existing parking area and installation of plant to roof including louvered screen, erection of external palisade security fencing and gates to perimeter of site.",Completed,2000,,,15/02/2012,Full planning permission,EN4 9JQ,,Granted With Conditions,,,,,5,18,0.022,,,,"2,850","2,850",2850,,45,,,,,,,,,
Hounslow-P_2009_1661,https://planningandbuilding.hounslow.gov.uk/NECSWS/ES/Presentation/Planning/OnlinePlanning/OnlinePlanningOverview?applicationNumber=P%2F2009%2F1661&guid=c58520c6-3a4e-42e5-9de8-9baeddd9dc82,P/2009/1661,add,Application to improve the existing data centre building,FALSE,Redcentric,,https://redcentricdatacentres.co.uk/data-centres/london-west-data-centre/,"Unit A, Heathrow Corporate Park, Green Lane, Hounslow TW4 6ER",511412,175592,Hounslow,Erection of a power kiosk,Completed,2000,,,03/09/2009,,,,,,,,,2,,1,,,,"18,116","18,116",18116,,159,,,,,,,,,
Slough-P_00348_008,https://planning.agileapplications.co.uk/slough/application-details/37609,P/00348/008,add,Not in Greater London,FALSE,Kao Data,,https://kaodata.com/locations/slough,"672, Galvin Road, Slough, SL1 4AN",496075,180599,Slough,Proposed installation of solar photovoltaic panels with a generating capacity of 1.6 megawatt peak on existing roof slope of a data centre.,,,,,06/07/2015,Full planning permission,SL1 4AN,,,,,,,,17.5,1.25,,,,"30,000","30,000",30000,,,,,,,,,,,
,,,remove,Not in Greater London,FALSE,NTT Data Centre,,https://services.global.ntt/en-us/services-and-products/global-data-centers/global-locations/emea/slough-2-data-center,"670 Ajax Avenue, Slough Trading Estate, Slough, SL1 4BG",,,Slough,,,,,,,,,,,,,,,,,,,,,,,,,,,,,,,,,,
,,,remove,Not in Greater London,FALSE,NTT Data Centre,,https://services.global.ntt/en-us/services-and-products/global-data-centers/global-locations/emea/slough-3-data-center,"665 Ajax Avenue, Slough Trading Estate, Slough, SL1 4BG",,,Slough,,,,,,,,,,,,,,,,,,,,,,,,,,,,,,,,,,
Hounslow-P_2019_3115,https://planningandbuilding.hounslow.gov.uk/NECSWS/ES/Presentation/Planning/OnlinePlanning/OnlinePlanningOverview?applicationNumber=P%2F2019%2F3115&guid=0fd49134-ad12-4a66-bf01-21f57d2d681a#,P/2019/3115,add,Gaps in data,FALSE,ServerFarm,,https://www.serverfarmllc.com/london-data-center/,"Serverfarm London Data Center LON1, Unit 4 Westgate Estate STAINES ROAD, FELTHAM, TW14 8RS",507511,173105,Hounslow,Erection of new gantry to accommodate additional external mechanical and electrical plant infrastructure to support 7.8MW up-grading work to Existing Data Centre.,Completed,2000,,,15/10/2019,Full planning permission,TW14 8RS,,,,,,,3,15,1.01,,,,12077.3952,12077.3952,12077.3952,,,,,,,,,,,
Ealing-222865OPDFUL,https://pam.ealing.gov.uk/online-applications/applicationDetails.do?previousCaseType=Property&keyVal=REAICCJM0KW00&previousCaseNumber=NOJT3200DT01X&previousCaseUprn=000012153209&activeTab=summary&previousKeyVal=NOJT3200DT01Y,222865OPDFUL,add,"Parent application missing, unable to retrieve data. Keep for location",FALSE,Equinix Data Centre,,"https://www.equinix.com/data-centers/europe-colocation/united-kingdom-colocation/london-data-centers/ld3, https://www.colo-x.com/data-centre/equinix-ld3-park-royal/","Unit 11 Matrix, Coronation Road
London, United Kingdom, NW10 7PH",519565,182512,Ealing,"Construction of a security gatehouse, fencing and a lighting column and associated works.",Completed,2000,,,23/08/2022,,NW10 7PH,,,,,,,1,5,,,,,,,3899.64,,,,,,,,,,,
Tower_Hamlets-PA_10_02860,https://development.towerhamlets.gov.uk/online-applications/applicationDetails.do?keyVal=DCAPR_97902&activeTab=summary,PA/10/02860/A1,keep,,FALSE,Equinix Data Centre,,https://www.equinix.com/data-centers/europe-colocation/united-kingdom-colocation/london-data-centers/ld8,"6 - 7 Harbour Exchange Square (and land to the south east), London, E14 9HE",,,Tower Hamlets,"Change of use of whole building from (B1 Office space) to a collocation data centre involving: - new plant and screen enclosure on roof of building 6, - elevated, screened infill gantries to house plant located between buildings 6+7 and 8+9. Location of new external plant at ground level including: - temporary location of stand-by generators to roadway along South boundary, - new electrical switch room on East boundary beneath the elevated Docklands Light Railway track, - new plant enclosure building on vacant land to the South East of building 6+7. New internal floor area on 1st and 2nd floors with extended ground floor reception.",Completed,1999,,6061543,23/08/2011,Full planning permission,E14 9HE,,Completed,06-Jul,,,"[{'no_storeys': 12, 'building_ref': None}]",12,,0.481,0.481,,,16413,16413,16413,,262,,,,,,,,,
Tower_Hamlets-PA_23_01021_NC,https://development.towerhamlets.gov.uk/online-applications/simpleSearchResults.do?action=firstPage,PA/23/01021/NC,keep,The proposal is for a data centre building located adjacent. There is no planning record for the building itself. The scale and size is unknown. The number of employees is taken from one of the records for building roof plants.,FALSE,Equinix Data Centre,,https://www.equinix.com/data-centers/europe-colocation/united-kingdom-colocation/london-data-centers/ld8,"Rear of, 8-9 Harbour Exchange Square, London, E14 9HF",,,Tower Hamlets,"Provision of new SCR (Selective Catalytic Reduction) Units and DPF (Diesel Particulate Filter) Units to the existing stand-by generators serving the data centre elements of the building. Addition of SCR and DPF will improve emissions from the generators. These units are proposed to be housed within the existing in weatherproof enclosures on the existing plant deck behind Building 8-9, virtually completely concealed behind the existing plant louvre screen.",Completed,1999,,6715322,12/03/2024,Full planning permission,E14 9HF,23/05/2023,Approved,"Rear of, 8-9 Harbour Exchange Square, London, E14 9HF",FALSE,,,10,,,,0,0,0,0,,,100,,,,,,,,,
Hackney-2015_2375,https://developmentandhousing.hackney.gov.uk/planning/index.html?fa=getApplication&id=5136,2015/2375,add,,FALSE,Redcentric,,https://redcentricdatacentres.co.uk/data-centres/london-city-data-centre/,"80 Clifton Street, Hackney, London, EC2A 4HB",533098,182198,Hackney,Existing use of the premises as a data centre.,Completed,1993,,,26/08/2015,Certificate of Lawful Development,EC2A 4HB,,,,,,,,,,,,,2400,2400,2400,,,,,,,,,,,
Islington-P112148,https://planning.agileapplications.co.uk/islington/application-details/316834,P112148,keep,,FALSE,Verne Global,,https://www.verneglobal.com/united-kingdom,"36-43, Great Sutton Street, Islington, London, EC1V 0AB",,,Islington,Certificate of Lawfulness (Existing) for continued use of building as a data centre (B1 Use).,Completed,1979,,5300037504,29/11/2011,,EC1V 0AB,05/10/2011,Insufficient Fee,,FALSE,,,,,,,,,8450,8450,8450,,,,,,,,,,,
,,,remove,Not in Greater London,FALSE,Virtus,,https://virtusdatacentres.com/locations/uk/london/slough-campus,SLOUGH,,,,,,,,,,,,,,,,,,,,,,,,,,,,,,,,,,,,,
Enfield-TP_00_1640,https://planningandbuildingcontrol.enfield.gov.uk/online-applications/applicationDetails.do?keyVal=ZZZZKJJNXE198&activeTab=summary,TP/00/1640,remove,Undergone change of use,FALSE,,,,"59, Lockfield Avenue, Enfield, Middlesex, EN3",,,Enfield,Redevelopment of site by the demolition of existing industrial unit and erection of new data centre (B2 use).,,,,,,,,,,,,,,,,,,,,,,,,,,,,,,,,,
Enfield-TP_06_1813,https://planningandbuildingcontrol.enfield.gov.uk/online-applications/applicationDetails.do?activeTab=summary&keyVal=ZZZZL9JNXE892,TP/06/1813,remove,Not a data centre,FALSE,,,,"Land At Former Railway Sidings, Station Yard, Station Road, New Southgate, London, N11 1QJ",,,Enfield,"Change of use of 35 sq.m warehousing to ancillary office space, yielding 1076 sq.m. gross external ancillary office space in total (variation of condition 15 of approval under Ref:TP/03/0896 and condition 01 of approval under Ref:TP/03/0896/VAR1), together with provision internally of 786 sq.m. of ancillary product display, training, canteen, locker/changing and data storage areas at first, second and third floor levels within blocks A and C.",,,,,,,,,,,,,,,,,,,,,,,,,,,,,,,,,